-- MySQL dump 10.13  Distrib 8.0.23, for Linux (x86_64)
--
-- Host: localhost    Database: vk
-- ------------------------------------------------------
-- Server version	8.0.23-0ubuntu0.20.04.1

/*!40101 SET @OLD_CHARACTER_SET_CLIENT=@@CHARACTER_SET_CLIENT */;
/*!40101 SET @OLD_CHARACTER_SET_RESULTS=@@CHARACTER_SET_RESULTS */;
/*!40101 SET @OLD_COLLATION_CONNECTION=@@COLLATION_CONNECTION */;
/*!50503 SET NAMES utf8mb4 */;
/*!40103 SET @OLD_TIME_ZONE=@@TIME_ZONE */;
/*!40103 SET TIME_ZONE='+00:00' */;
/*!40014 SET @OLD_UNIQUE_CHECKS=@@UNIQUE_CHECKS, UNIQUE_CHECKS=0 */;
/*!40014 SET @OLD_FOREIGN_KEY_CHECKS=@@FOREIGN_KEY_CHECKS, FOREIGN_KEY_CHECKS=0 */;
/*!40101 SET @OLD_SQL_MODE=@@SQL_MODE, SQL_MODE='NO_AUTO_VALUE_ON_ZERO' */;
/*!40111 SET @OLD_SQL_NOTES=@@SQL_NOTES, SQL_NOTES=0 */;

--
-- Table structure for table `communities`
--

DROP TABLE IF EXISTS `communities`;
/*!40101 SET @saved_cs_client     = @@character_set_client */;
/*!50503 SET character_set_client = utf8mb4 */;
CREATE TABLE `communities` (
  `id` int NOT NULL AUTO_INCREMENT COMMENT 'Идентификатор сроки',
  `name` varchar(150) CHARACTER SET utf8mb4 COLLATE utf8mb4_unicode_ci NOT NULL COMMENT 'Название группы',
  `created_at` datetime DEFAULT CURRENT_TIMESTAMP COMMENT 'Время создания строки',
  `updated_at` datetime DEFAULT CURRENT_TIMESTAMP ON UPDATE CURRENT_TIMESTAMP COMMENT 'Время обновления строки',
  PRIMARY KEY (`id`),
  UNIQUE KEY `name` (`name`)
) ENGINE=InnoDB AUTO_INCREMENT=101 DEFAULT CHARSET=utf8mb4 COLLATE=utf8mb4_unicode_ci COMMENT='Группы';
/*!40101 SET character_set_client = @saved_cs_client */;

--
-- Dumping data for table `communities`
--

LOCK TABLES `communities` WRITE;
/*!40000 ALTER TABLE `communities` DISABLE KEYS */;
INSERT INTO `communities` VALUES (1,'ratione','1991-11-14 03:42:39','2021-02-20 19:35:34'),(2,'veniam','1981-10-18 14:06:35','2021-02-20 19:35:34'),(3,'autem','2004-03-13 13:45:20','2018-08-26 13:14:00'),(4,'omnis','2017-09-08 13:49:25','2021-02-20 19:35:34'),(5,'rem','2007-03-11 17:37:32','2021-02-20 19:35:34'),(6,'non','1973-04-21 01:01:08','2017-01-26 04:13:50'),(7,'ipsa','2008-09-03 01:24:03','2021-02-20 19:35:34'),(8,'laboriosam','1986-02-17 17:21:51','1987-03-22 18:22:50'),(9,'at','2016-10-27 08:29:18','2021-02-20 19:35:34'),(10,'exercitationem','1979-12-07 16:05:21','1981-09-09 06:03:28'),(11,'qui','2019-11-08 13:13:21','2021-02-20 19:35:34'),(12,'repellat','2012-06-24 04:26:35','2021-02-20 19:35:34'),(13,'error','2007-09-09 07:05:42','2011-06-06 12:41:11'),(14,'molestiae','2015-07-26 01:12:52','2021-02-20 19:35:34'),(15,'natus','1981-04-02 20:04:46','1989-05-04 03:46:02'),(16,'suscipit','2011-06-18 09:07:50','2021-02-20 19:35:34'),(17,'commodi','1976-11-27 20:53:27','1986-04-10 16:30:56'),(18,'sit','2013-05-05 06:18:51','2021-02-20 19:35:34'),(19,'provident','2015-01-31 11:05:50','2021-02-20 19:35:34'),(20,'aliquid','1999-05-11 08:46:32','2009-05-18 20:24:49');
/*!40000 ALTER TABLE `communities` ENABLE KEYS */;
UNLOCK TABLES;

--
-- Table structure for table `communities_users`
--

DROP TABLE IF EXISTS `communities_users`;
/*!40101 SET @saved_cs_client     = @@character_set_client */;
/*!50503 SET character_set_client = utf8mb4 */;
CREATE TABLE `communities_users` (
  `community_id` int unsigned NOT NULL COMMENT 'Ссылка на группу',
  `user_id` int unsigned NOT NULL COMMENT 'Ссылка на пользователя',
  `created_at` datetime DEFAULT CURRENT_TIMESTAMP COMMENT 'Время создания строки',
  PRIMARY KEY (`community_id`,`user_id`) COMMENT 'Составной первичный ключ'
) ENGINE=InnoDB DEFAULT CHARSET=utf8mb4 COLLATE=utf8mb4_unicode_ci COMMENT='Участники групп, связь между пользователями и группами';
/*!40101 SET character_set_client = @saved_cs_client */;

--
-- Dumping data for table `communities_users`
--

LOCK TABLES `communities_users` WRITE;
/*!40000 ALTER TABLE `communities_users` DISABLE KEYS */;
INSERT INTO `communities_users` VALUES (1,32,'1998-10-21 18:52:21'),(1,54,'1991-04-05 18:30:29'),(1,56,'1972-09-12 02:54:51'),(1,59,'1996-06-27 19:11:04'),(1,92,'2011-03-19 04:32:46'),(1,93,'1990-12-16 04:13:51'),(1,94,'1990-02-26 10:16:12'),(1,95,'2019-12-21 04:19:18'),(2,1,'2005-04-03 04:43:49'),(2,8,'2007-06-08 09:07:51'),(2,9,'2015-12-04 02:49:44'),(2,10,'1988-04-20 20:25:20'),(2,34,'2012-11-27 14:11:01'),(2,37,'2010-05-01 11:10:39'),(3,42,'1993-04-20 00:03:03'),(3,84,'2005-11-03 17:06:34'),(3,96,'2018-07-12 10:03:17'),(3,100,'1983-04-04 02:58:47'),(4,19,'1971-02-14 18:44:49'),(4,31,'1990-01-05 23:51:45'),(4,39,'1971-11-05 13:34:09'),(4,69,'2014-11-24 04:47:44'),(4,83,'1983-08-09 01:09:52'),(4,85,'1981-10-29 07:22:58'),(4,87,'1971-10-12 04:42:17'),(5,2,'2009-06-11 16:22:15'),(5,11,'2014-07-18 07:16:51'),(5,23,'2015-06-30 06:40:42'),(5,30,'2001-04-18 21:45:45'),(5,55,'1979-12-05 11:31:16'),(5,60,'1991-08-26 20:49:53'),(5,81,'1981-03-05 00:16:59'),(5,88,'2018-11-29 07:59:54'),(6,24,'1974-08-17 02:31:57'),(6,40,'1987-09-15 20:55:30'),(6,49,'1995-12-20 02:55:36'),(6,58,'2001-07-02 02:57:10'),(6,65,'2000-07-16 17:40:37'),(6,70,'2016-07-12 09:48:52'),(6,75,'2020-04-14 05:54:22'),(6,77,'2016-10-24 15:44:30'),(6,98,'2016-12-13 09:42:04'),(7,43,'1994-05-02 08:58:08'),(7,44,'1973-05-15 14:54:02'),(7,53,'1970-06-29 03:46:01'),(7,62,'2005-12-26 21:31:28'),(7,73,'1972-04-23 18:39:07'),(8,13,'2001-04-28 06:00:34'),(8,18,'1983-03-20 11:41:54'),(9,5,'1970-01-18 09:28:47'),(9,28,'1974-09-29 13:26:55'),(9,35,'2011-03-15 06:10:57'),(10,15,'1995-07-25 19:10:39'),(10,27,'1986-08-08 14:44:08'),(10,45,'1986-04-26 16:02:16'),(10,46,'2020-09-07 09:33:39'),(10,57,'2000-03-19 13:54:57'),(10,64,'1990-03-13 08:45:35'),(11,14,'1982-05-22 21:46:57'),(11,50,'2016-04-12 07:12:37'),(11,90,'2001-09-24 04:04:33'),(11,97,'2007-09-14 11:16:02'),(12,17,'1985-06-10 21:00:25'),(12,68,'1983-07-29 00:40:09'),(12,82,'2019-01-30 17:41:27'),(12,86,'1971-12-13 19:56:09'),(13,6,'1990-05-03 23:55:40'),(13,21,'1972-01-14 21:36:53'),(13,22,'1997-09-11 12:41:56'),(13,33,'1981-11-13 08:01:58'),(14,29,'1999-12-28 01:40:43'),(14,51,'2019-02-23 23:08:08'),(14,63,'1992-01-18 12:01:29'),(14,89,'1980-05-25 10:29:41'),(15,71,'2001-02-04 22:16:50'),(15,79,'2010-04-01 14:29:07'),(15,91,'2005-03-18 13:11:26'),(16,7,'1971-10-14 13:55:25'),(16,16,'2019-09-19 01:24:45'),(16,25,'1997-04-20 21:13:35'),(16,41,'2007-07-10 10:21:47'),(16,99,'2003-08-03 09:18:45'),(17,4,'1973-05-07 18:03:45'),(17,12,'1987-03-17 03:27:59'),(17,20,'1989-03-22 03:27:11'),(17,74,'2009-03-05 08:39:22'),(17,76,'1975-11-05 09:09:07'),(18,36,'1977-01-22 09:56:48'),(18,38,'1998-03-30 13:32:19'),(18,47,'1976-08-08 23:15:22'),(18,52,'2004-03-22 17:34:29'),(18,67,'1988-03-24 18:01:31'),(18,80,'1976-01-30 09:13:35'),(19,3,'1978-02-08 11:05:53'),(19,26,'1976-12-19 20:23:37'),(19,66,'2014-12-07 02:45:12'),(19,72,'1985-07-10 09:58:24'),(19,78,'2011-02-04 12:20:11'),(20,48,'1981-05-05 07:24:00'),(20,61,'1987-12-30 01:57:01');
/*!40000 ALTER TABLE `communities_users` ENABLE KEYS */;
UNLOCK TABLES;

--
-- Table structure for table `friendship`
--

DROP TABLE IF EXISTS `friendship`;
/*!40101 SET @saved_cs_client     = @@character_set_client */;
/*!50503 SET character_set_client = utf8mb4 */;
CREATE TABLE `friendship` (
  `user_id` int unsigned NOT NULL COMMENT 'Ссылка на инициатора дружеских отношений',
  `friend_id` int unsigned NOT NULL COMMENT 'Ссылка на получателя приглашения дружить',
  `status_id` int unsigned NOT NULL COMMENT 'Ссылка на статус (текущее состояние) отношений',
  `requested_at` datetime DEFAULT CURRENT_TIMESTAMP COMMENT 'Время отправления приглашения дружить',
  `confirmed_at` datetime DEFAULT NULL COMMENT 'Время подтверждения приглашения',
  `created_at` datetime DEFAULT CURRENT_TIMESTAMP COMMENT 'Время создания строки',
  `updated_at` datetime DEFAULT CURRENT_TIMESTAMP ON UPDATE CURRENT_TIMESTAMP COMMENT 'Время обновления строки',
  PRIMARY KEY (`user_id`,`friend_id`) COMMENT 'Составной первичный ключ'
) ENGINE=InnoDB DEFAULT CHARSET=utf8mb4 COLLATE=utf8mb4_unicode_ci COMMENT='Таблица дружбы';
/*!40101 SET character_set_client = @saved_cs_client */;

--
-- Dumping data for table `friendship`
--

LOCK TABLES `friendship` WRITE;
/*!40000 ALTER TABLE `friendship` DISABLE KEYS */;
INSERT INTO `friendship` VALUES (1,22,1,'1985-05-20 02:36:52','2005-04-19 15:08:24','1973-04-05 13:05:13','2021-02-20 18:36:07'),(1,92,3,'1975-11-18 07:33:14','1980-06-20 23:10:41','1989-08-05 01:49:05','2021-02-20 18:36:07'),(3,34,2,'1992-11-29 18:57:51','2019-02-21 04:15:41','2013-08-23 01:48:14','2021-02-20 18:36:07'),(6,3,1,'1982-12-01 21:39:34','1990-04-16 21:11:03','2006-11-29 14:44:06','2021-02-20 18:36:07'),(8,12,2,'1982-01-19 05:13:40','2021-02-20 20:07:01','1996-05-04 06:51:53','2021-02-20 20:07:01'),(8,50,1,'1977-06-22 11:21:57','2021-02-20 20:07:01','1999-09-09 04:29:48','2021-02-20 20:07:01'),(9,15,1,'2004-10-18 21:53:45','2014-06-04 00:22:08','2008-05-04 16:17:41','2021-02-20 18:36:07'),(11,25,1,'2001-08-12 14:41:51','2021-02-20 20:07:01','2008-04-06 23:47:26','2021-02-20 20:07:01'),(12,11,3,'1970-01-01 18:44:51','1994-05-21 16:09:53','2005-06-01 23:34:31','2021-02-20 18:36:07'),(12,77,2,'2003-02-12 12:18:33','2021-02-20 20:07:01','2003-07-31 16:42:26','2021-02-20 20:07:01'),(14,25,3,'2002-10-11 13:40:06','2021-02-20 20:07:01','1972-08-01 15:55:15','2021-02-20 20:07:01'),(14,81,2,'1975-02-18 12:22:27','2014-10-30 17:21:02','2001-05-29 23:56:50','2021-02-20 18:36:07'),(14,91,1,'1971-12-25 05:41:03','1999-07-08 19:52:55','1975-11-27 21:35:57','2021-02-20 18:36:07'),(17,28,1,'1998-12-04 11:46:09','2021-02-20 20:07:01','2013-02-05 00:20:32','2021-02-20 20:07:01'),(19,100,3,'1985-01-08 14:14:42','2012-06-04 16:33:14','1986-02-02 08:09:57','2021-02-20 18:36:07'),(22,14,1,'2008-12-20 07:42:57','2020-08-28 17:22:30','1973-03-11 05:23:18','2021-02-20 18:36:07'),(22,68,2,'1973-03-27 18:59:18','2019-09-06 02:49:49','1981-12-26 12:38:41','2021-02-20 18:36:07'),(23,96,2,'1973-05-10 05:41:11','2019-07-07 05:42:09','1980-07-08 05:45:41','2021-02-20 18:36:07'),(23,100,2,'2020-09-14 19:55:57','2021-02-20 20:07:01','2013-03-07 04:39:26','2021-02-20 20:07:01'),(24,77,2,'1985-05-14 02:27:26','1998-07-13 03:58:03','2003-01-07 02:53:38','2021-02-20 18:36:07'),(25,99,3,'2019-02-21 15:02:03','2019-12-17 06:30:15','2008-06-09 04:28:31','2021-02-20 18:36:07'),(28,62,1,'2015-05-03 12:30:31','2021-02-20 20:07:01','1975-02-17 18:52:26','2021-02-20 20:07:01'),(30,15,1,'1986-04-17 04:30:59','2003-01-13 09:41:39','1996-12-01 04:59:07','2021-02-20 18:36:07'),(30,84,2,'2001-06-29 09:59:08','2021-02-20 20:07:01','2020-11-03 05:21:10','2021-02-20 20:07:01'),(30,86,2,'2001-02-04 09:43:45','2021-02-20 20:07:01','2016-05-11 03:50:39','2021-02-20 20:07:01'),(31,63,3,'2012-08-18 06:07:37','2021-02-20 20:07:01','2001-03-21 12:17:48','2021-02-20 20:07:01'),(32,19,3,'2019-05-26 04:39:04','2021-02-20 20:07:01','1991-12-22 15:22:45','2021-02-20 20:07:01'),(32,62,3,'2007-05-23 12:53:07','2021-02-20 20:07:01','2018-10-31 03:47:40','2021-02-20 20:07:01'),(35,10,3,'1986-07-12 03:02:48','2021-02-20 20:07:01','2019-01-31 04:59:06','2021-02-20 20:07:01'),(38,40,2,'2009-09-23 10:44:51','2021-02-20 20:07:01','1986-11-01 11:19:04','2021-02-20 20:07:01'),(38,94,1,'2003-10-02 14:09:10','2021-02-20 20:07:01','2003-08-08 01:55:04','2021-02-20 20:07:01'),(42,15,1,'2006-01-05 11:42:37','2021-02-20 20:07:01','1992-02-14 16:57:48','2021-02-20 20:07:01'),(43,55,2,'2009-07-15 05:50:12','2010-07-01 23:18:37','2019-01-06 11:32:07','2021-02-20 18:36:07'),(44,32,1,'2010-01-19 08:24:44','2021-02-20 20:07:01','2000-03-01 07:34:54','2021-02-20 20:07:01'),(47,91,1,'2013-07-08 19:35:47','2021-02-20 20:07:01','2005-11-08 11:02:07','2021-02-20 20:07:01'),(50,25,3,'2008-10-16 12:05:29','2021-02-20 20:07:01','1978-04-11 02:02:36','2021-02-20 20:07:01'),(50,60,3,'1988-09-28 06:13:37','1997-07-06 01:58:09','1986-03-07 17:59:56','2021-02-20 18:36:07'),(51,44,2,'1979-01-27 11:43:40','1999-07-13 04:18:20','2017-04-14 16:07:50','2021-02-20 18:36:07'),(53,2,3,'2017-05-01 18:58:49','2020-12-11 11:24:18','1988-05-07 05:30:28','2021-02-20 18:36:07'),(53,47,1,'2020-09-26 16:43:14','2021-02-20 20:07:01','1970-09-02 23:59:40','2021-02-20 20:07:01'),(55,29,2,'2005-06-09 11:49:28','2021-02-20 20:07:01','2001-10-13 09:06:37','2021-02-20 20:07:01'),(55,67,1,'1981-12-16 07:16:21','1992-03-18 04:37:42','2010-08-17 21:31:56','2021-02-20 18:36:07'),(56,44,3,'2013-05-02 07:58:25','2021-02-20 20:07:01','2004-10-14 14:26:43','2021-02-20 20:07:01'),(57,31,1,'1973-03-26 01:52:19','1983-04-04 20:09:06','2015-01-19 23:42:50','2021-02-20 18:36:07'),(59,24,3,'2009-08-19 23:06:55','2021-02-20 20:07:01','2018-04-10 11:09:06','2021-02-20 20:07:01'),(59,25,2,'1971-06-28 09:25:57','2013-10-06 11:08:43','1987-01-24 06:27:21','2021-02-20 18:36:07'),(59,51,3,'2010-06-16 04:35:03','2021-02-20 20:07:01','1993-06-02 12:11:18','2021-02-20 20:07:01'),(60,35,2,'1975-11-17 16:41:36','1982-07-22 03:33:26','1972-05-31 02:36:35','2021-02-20 18:36:07'),(60,56,1,'1975-08-02 10:33:50','2015-06-08 16:03:29','2002-01-15 20:25:57','2021-02-20 18:36:07'),(60,82,3,'2019-05-07 02:53:29','2021-02-20 20:07:01','1990-10-13 18:57:47','2021-02-20 20:07:01'),(61,6,3,'1989-10-16 06:56:08','2005-11-16 15:20:57','2015-08-19 01:56:52','2021-02-20 18:36:07'),(62,23,2,'1985-07-21 03:22:55','2021-02-20 20:07:01','1981-08-19 01:32:11','2021-02-20 20:07:01'),(63,11,3,'1998-06-02 06:37:30','2019-11-05 17:05:37','2000-07-01 00:50:10','2021-02-20 18:36:07'),(63,21,2,'1972-01-06 04:49:34','2021-01-03 08:50:08','1974-12-28 18:40:31','2021-02-20 18:36:07'),(63,98,1,'1993-12-26 10:40:34','2003-01-17 06:29:53','2019-03-03 15:23:00','2021-02-20 18:36:07'),(64,24,3,'1989-03-07 02:20:21','1995-03-05 20:08:04','1973-11-16 04:53:01','2021-02-20 18:36:07'),(64,92,3,'1992-12-22 20:27:38','2021-02-20 20:07:01','2019-06-05 05:43:42','2021-02-20 20:07:01'),(65,46,2,'2003-03-13 16:14:12','2019-10-04 17:10:21','2005-10-01 20:47:00','2021-02-20 18:36:07'),(65,54,1,'2010-06-20 12:42:32','2021-02-20 20:07:01','1973-10-18 09:13:29','2021-02-20 20:07:01'),(66,13,2,'2014-05-08 05:41:08','2021-02-20 20:07:01','1982-09-18 21:59:45','2021-02-20 20:07:01'),(66,35,1,'1999-05-21 09:35:12','2021-02-20 20:07:01','1971-07-28 12:32:42','2021-02-20 20:07:01'),(69,57,2,'1995-10-03 01:26:35','2021-02-20 20:07:01','1983-09-28 22:12:45','2021-02-20 20:07:01'),(70,45,1,'1972-12-25 15:20:34','2000-01-11 12:41:42','2021-01-14 18:48:56','2021-02-20 18:36:07'),(70,54,1,'2007-06-22 00:44:20','2007-10-03 17:22:46','1988-11-11 04:15:19','2021-02-20 18:36:07'),(71,35,2,'2019-12-05 13:01:06','2021-02-20 20:07:01','1971-09-29 14:52:31','2021-02-20 20:07:01'),(72,14,2,'1986-04-14 02:06:17','2011-04-24 16:59:06','2006-11-08 14:32:46','2021-02-20 18:36:07'),(73,65,1,'2009-07-12 04:30:02','2020-02-25 04:07:25','1977-06-07 04:47:18','2021-02-20 18:36:07'),(73,83,3,'1976-11-16 15:19:39','2010-01-25 21:30:53','2017-02-23 00:17:59','2021-02-20 18:36:07'),(75,19,1,'2002-08-26 23:39:31','2019-05-01 00:37:29','1976-09-03 15:54:10','2021-02-20 18:36:07'),(75,47,2,'1976-03-17 21:19:07','1982-11-14 07:11:11','1997-07-30 14:17:02','2021-02-20 18:36:07'),(75,77,3,'1980-08-04 05:59:45','1987-06-06 06:45:54','1982-09-23 14:02:07','2021-02-20 18:36:07'),(76,42,3,'1973-02-27 11:10:48','2003-05-27 15:51:50','2020-05-19 23:04:25','2021-02-20 18:36:07'),(78,18,2,'1982-06-03 22:04:16','2005-07-12 01:18:06','1977-08-29 02:42:53','2021-02-20 18:36:07'),(78,28,1,'2017-05-01 10:17:24','2021-02-20 20:07:01','2020-01-31 14:13:34','2021-02-20 20:07:01'),(78,74,2,'1991-12-27 03:01:15','2021-02-20 20:07:01','2005-12-18 05:21:57','2021-02-20 20:07:01'),(78,80,1,'2018-12-06 20:43:00','2021-02-20 20:07:01','2001-01-01 11:32:13','2021-02-20 20:07:01'),(79,7,1,'1991-12-20 06:40:00','2001-06-09 00:44:02','2008-09-25 15:57:16','2021-02-20 18:36:07'),(81,54,2,'1986-04-08 23:55:20','2021-02-20 20:07:01','2017-08-27 00:43:05','2021-02-20 20:07:01'),(81,79,3,'2019-11-15 16:33:45','2021-02-20 20:07:01','1985-12-04 21:32:03','2021-02-20 20:07:01'),(81,80,2,'2008-12-16 01:54:34','2021-02-20 20:07:01','2014-02-19 00:21:55','2021-02-20 20:07:01'),(84,32,3,'2007-02-17 02:12:49','2021-02-20 20:07:01','2012-06-02 01:33:28','2021-02-20 20:07:01'),(84,57,2,'2010-07-28 06:25:43','2021-02-20 20:07:01','2014-12-05 20:35:04','2021-02-20 20:07:01'),(84,90,1,'2014-10-14 02:24:01','2021-02-20 20:07:01','1971-10-30 10:20:15','2021-02-20 20:07:01'),(84,97,2,'2016-09-23 16:05:49','2021-02-20 20:07:01','1986-06-29 09:44:30','2021-02-20 20:07:01'),(86,13,1,'1998-12-20 04:37:04','2021-02-20 20:07:01','1999-05-18 11:54:00','2021-02-20 20:07:01'),(89,96,1,'2020-08-30 14:00:40','2021-02-20 20:07:01','1974-09-10 22:47:52','2021-02-20 20:07:01'),(91,38,1,'2014-11-16 07:21:45','2021-02-20 20:07:01','2004-09-27 19:14:25','2021-02-20 20:07:01'),(93,2,1,'1976-11-10 00:54:31','2021-02-20 20:07:01','1991-05-08 16:15:23','2021-02-20 20:07:01'),(93,97,1,'2004-03-25 10:01:59','2021-02-20 20:07:01','1991-05-02 15:54:34','2021-02-20 20:07:01'),(94,77,2,'2016-10-24 21:11:38','2021-02-20 20:07:01','1980-07-08 20:13:12','2021-02-20 20:07:01'),(95,32,3,'1988-06-14 07:33:55','2016-07-09 12:58:02','2001-08-15 02:19:20','2021-02-20 18:36:07'),(95,93,2,'1986-03-17 20:04:42','2014-05-22 07:17:51','1970-11-01 16:16:07','2021-02-20 18:36:07'),(97,20,3,'1985-08-17 14:22:17','2002-08-10 03:24:50','1998-01-26 11:19:44','2021-02-20 18:36:07'),(97,84,1,'1974-09-14 14:12:54','2013-06-07 16:28:52','2018-12-16 17:24:39','2021-02-20 18:36:07'),(98,50,3,'1994-10-31 12:29:55','2021-02-20 20:07:01','1990-04-16 05:36:34','2021-02-20 20:07:01'),(98,87,1,'2006-04-23 23:49:20','2021-02-20 20:07:01','2006-04-29 09:30:13','2021-02-20 20:07:01'),(99,64,2,'1983-06-26 05:40:15','2013-04-24 04:01:47','1990-09-04 08:00:05','2021-02-20 18:36:07'),(99,85,2,'1986-01-11 18:18:16','2021-02-20 20:07:01','2008-12-25 17:33:02','2021-02-20 20:07:01'),(100,25,1,'1973-06-05 08:04:51','1985-11-17 13:40:41','1984-09-15 21:52:37','2021-02-20 18:36:07'),(100,63,1,'2013-06-13 14:23:07','2016-07-19 21:58:15','2016-10-06 15:59:48','2021-02-20 18:36:07');
/*!40000 ALTER TABLE `friendship` ENABLE KEYS */;
UNLOCK TABLES;

--
-- Table structure for table `friendship_statuses`
--

DROP TABLE IF EXISTS `friendship_statuses`;
/*!40101 SET @saved_cs_client     = @@character_set_client */;
/*!50503 SET character_set_client = utf8mb4 */;
CREATE TABLE `friendship_statuses` (
  `id` int NOT NULL AUTO_INCREMENT COMMENT 'Идентификатор строки',
  `name` varchar(150) CHARACTER SET utf8mb4 COLLATE utf8mb4_unicode_ci NOT NULL COMMENT 'Название статуса',
  `created_at` datetime DEFAULT CURRENT_TIMESTAMP COMMENT 'Время создания строки',
  `updated_at` datetime DEFAULT CURRENT_TIMESTAMP ON UPDATE CURRENT_TIMESTAMP COMMENT 'Время обновления строки',
  PRIMARY KEY (`id`),
  UNIQUE KEY `name` (`name`)
) ENGINE=InnoDB AUTO_INCREMENT=4 DEFAULT CHARSET=utf8mb4 COLLATE=utf8mb4_unicode_ci COMMENT='Статусы дружбы';
/*!40101 SET character_set_client = @saved_cs_client */;

--
-- Dumping data for table `friendship_statuses`
--

LOCK TABLES `friendship_statuses` WRITE;
/*!40000 ALTER TABLE `friendship_statuses` DISABLE KEYS */;
INSERT INTO `friendship_statuses` VALUES (1,'requested','2021-02-20 18:33:50','2021-02-20 18:33:50'),(2,'confirmed','2021-02-20 18:33:50','2021-02-20 18:33:50'),(3,'rejected','2021-02-20 18:33:50','2021-02-20 18:33:50');
/*!40000 ALTER TABLE `friendship_statuses` ENABLE KEYS */;
UNLOCK TABLES;

--
-- Table structure for table `likes`
--

DROP TABLE IF EXISTS `likes`;
/*!40101 SET @saved_cs_client     = @@character_set_client */;
/*!50503 SET character_set_client = utf8mb4 */;
CREATE TABLE `likes` (
  `user_id` int unsigned NOT NULL,
  `likes_object_id` int unsigned NOT NULL COMMENT 'Ссылка на пост, которому поставлен лайк',
  `created_at` datetime DEFAULT CURRENT_TIMESTAMP COMMENT 'Время создания строки',
  `updated_at` datetime DEFAULT CURRENT_TIMESTAMP ON UPDATE CURRENT_TIMESTAMP COMMENT 'Время обновления строки',
  PRIMARY KEY (`user_id`,`likes_object_id`)
) ENGINE=InnoDB DEFAULT CHARSET=utf8mb4 COLLATE=utf8mb4_unicode_ci COMMENT='Лайки';
/*!40101 SET character_set_client = @saved_cs_client */;

--
-- Dumping data for table `likes`
--

LOCK TABLES `likes` WRITE;
/*!40000 ALTER TABLE `likes` DISABLE KEYS */;
INSERT INTO `likes` VALUES (1,3,'2014-09-25 19:45:53','2021-02-21 13:52:48'),(2,4,'2000-09-26 19:20:43','2021-02-21 13:52:48'),(3,4,'1976-01-28 02:58:31','1996-04-18 09:40:46'),(4,4,'1975-05-31 20:35:48','2021-02-21 13:52:48'),(5,2,'1972-01-15 20:00:40','2021-02-21 13:52:48'),(6,4,'2013-11-28 23:02:40','2021-02-21 13:52:48'),(7,3,'1975-02-22 16:00:56','2008-06-26 18:50:36'),(8,1,'2019-12-04 15:12:22','2021-02-21 13:52:48'),(9,2,'1983-04-23 18:28:19','2021-02-21 13:52:48'),(10,2,'1974-01-24 06:22:31','2021-02-21 13:52:48'),(11,2,'1978-05-18 09:22:52','2021-02-21 13:52:48'),(12,2,'1992-11-14 02:30:07','2021-02-21 13:52:48'),(13,5,'2011-11-18 01:40:51','2021-02-21 13:52:48'),(14,4,'1985-04-07 19:48:06','2015-09-03 05:01:57'),(15,4,'1973-11-22 03:05:34','2021-02-21 13:52:48'),(16,4,'1981-10-16 23:09:09','2021-02-21 13:52:48'),(17,3,'1992-05-28 20:29:19','2021-02-21 13:52:48'),(18,2,'1978-12-16 07:47:14','2021-02-21 13:52:48'),(19,3,'1976-06-08 19:35:22','2021-02-21 13:52:48'),(20,1,'1983-04-28 05:39:56','2021-02-21 13:52:48'),(21,5,'2011-05-23 17:53:48','2017-07-02 10:43:03'),(22,5,'1991-05-26 21:42:43','2021-02-21 13:52:48'),(23,5,'1978-10-02 17:41:22','2021-02-21 13:52:48'),(24,4,'2010-09-15 19:54:31','2021-02-21 13:52:48'),(25,4,'2002-11-28 01:50:56','2021-02-21 13:52:48'),(26,3,'2012-09-24 11:39:52','2021-02-20 20:22:47'),(27,2,'2007-07-21 15:36:40','2021-02-21 13:52:48'),(28,1,'2010-06-25 11:13:13','2021-02-21 13:52:48'),(29,4,'1987-11-20 22:50:00','2021-02-21 13:52:48'),(30,2,'2020-09-13 23:52:59','2021-02-21 13:52:48'),(31,3,'1987-08-29 09:19:16','2021-02-21 13:52:48'),(32,4,'1974-08-24 05:49:07','2021-02-21 13:52:48'),(33,5,'1996-11-12 04:03:42','2021-02-21 13:52:48'),(34,3,'1976-12-06 07:49:28','2021-02-21 13:52:48'),(35,1,'1993-06-04 08:40:52','2021-02-21 13:52:48'),(36,5,'2005-10-02 03:31:01','2021-02-21 13:52:48'),(37,4,'1989-02-03 23:07:37','2021-02-21 13:52:48'),(38,1,'1994-01-11 18:15:06','2021-02-21 13:52:48'),(39,2,'2011-06-30 13:47:10','2021-02-21 13:52:48'),(40,1,'1976-10-16 21:39:47','2021-02-21 13:52:48'),(41,1,'1975-03-06 01:23:59','2021-02-21 13:52:48'),(42,4,'1974-07-01 11:09:40','2021-02-21 13:52:48'),(43,2,'2015-11-28 14:15:02','2021-02-21 13:52:48'),(44,5,'2006-12-20 10:13:51','2021-02-21 13:52:48'),(45,5,'2012-03-07 01:21:58','2021-02-20 20:22:47'),(46,2,'2004-06-19 09:18:17','2021-02-21 13:52:48'),(47,5,'1980-05-21 16:57:38','2011-03-12 11:06:29'),(48,1,'2005-11-17 17:09:34','2021-02-21 13:52:48'),(49,5,'2008-11-07 19:11:59','2021-02-21 13:52:48'),(50,1,'2007-05-14 04:59:44','2021-02-21 13:52:48'),(51,1,'2011-01-26 10:06:44','2021-02-20 20:22:47'),(52,2,'2017-04-07 06:17:14','2021-02-21 13:52:48'),(53,3,'2018-03-20 17:03:52','2021-02-21 13:52:48'),(54,5,'2008-07-05 13:51:57','2021-02-21 13:52:48'),(55,4,'1982-06-18 23:17:09','2021-02-21 13:52:48'),(56,3,'1999-08-27 16:30:53','2021-02-21 13:52:48'),(57,1,'2004-11-21 17:37:22','2021-02-21 13:52:48'),(58,2,'1979-10-08 05:29:20','2021-02-21 13:52:48'),(59,5,'2008-05-03 21:12:38','2021-02-21 13:52:48'),(60,5,'2013-01-17 11:03:19','2021-02-20 20:22:47'),(61,4,'1974-10-09 21:57:09','2021-02-21 13:52:48'),(62,3,'1975-12-18 14:50:56','2020-08-12 09:21:21'),(63,5,'1981-10-18 07:22:11','2021-02-21 13:52:48'),(64,4,'1994-06-07 02:19:26','2021-02-21 13:52:48'),(65,1,'2017-10-25 07:57:57','2021-02-21 13:52:48'),(66,2,'1990-07-12 02:58:20','2021-02-21 13:52:48'),(67,1,'1970-08-26 11:01:57','2021-02-21 13:52:48'),(68,4,'2018-02-17 05:02:56','2021-02-20 20:22:47'),(69,5,'1977-10-28 22:09:09','2021-02-21 13:52:48'),(70,5,'1998-04-07 17:59:06','2021-02-21 13:52:48'),(71,3,'2008-08-01 14:59:29','2021-02-21 13:52:48'),(72,5,'2009-10-22 12:57:24','2021-02-21 13:52:48'),(73,1,'2010-10-08 02:14:27','2021-02-21 13:52:48'),(74,2,'1977-01-20 12:17:06','2021-02-21 13:52:48'),(75,3,'2015-05-06 09:02:22','2021-02-21 13:52:48'),(76,3,'1979-01-29 11:25:09','2021-02-21 13:52:48'),(77,1,'2013-07-16 05:35:47','2021-02-21 13:52:48'),(78,4,'1972-10-30 03:05:52','2021-02-21 13:52:48'),(79,4,'1975-08-23 02:02:16','2021-02-21 13:52:48'),(80,4,'1995-03-30 13:55:05','2021-02-21 13:52:48'),(81,4,'2007-08-25 22:57:27','2021-02-21 13:52:48'),(82,2,'1976-07-13 08:25:32','1985-02-16 05:51:15'),(83,4,'2005-01-19 21:11:10','2021-02-21 13:52:48'),(84,5,'1980-11-19 03:38:46','2021-02-21 13:52:48'),(85,2,'2000-12-19 12:44:10','2021-02-21 13:52:48'),(86,4,'1998-04-07 13:20:23','2021-02-20 20:22:47'),(87,5,'2004-09-26 21:35:41','2021-02-21 13:52:48'),(88,1,'1980-01-10 04:05:00','2021-02-21 13:52:48'),(89,1,'1986-11-11 09:22:07','2021-02-21 13:52:48'),(90,2,'2012-09-20 21:01:57','2021-02-21 13:52:48'),(91,5,'2015-03-22 09:09:26','2021-02-21 13:52:48'),(92,2,'2015-07-09 19:03:54','2021-02-21 13:52:48'),(93,2,'2015-11-24 16:55:16','2021-02-21 13:52:48'),(94,2,'1982-10-15 04:40:10','2021-02-21 13:52:48'),(95,3,'1994-07-19 06:58:06','2021-02-21 13:52:48'),(96,5,'1980-01-10 01:53:19','2021-02-21 13:52:48'),(97,2,'1975-01-26 20:57:34','2021-02-21 13:52:48'),(98,2,'1973-05-17 11:57:11','2021-02-21 13:52:48'),(99,3,'2009-10-08 13:49:07','2021-02-21 13:52:48'),(100,3,'2009-12-21 07:20:49','2021-02-21 13:52:48');
/*!40000 ALTER TABLE `likes` ENABLE KEYS */;
UNLOCK TABLES;

--
-- Table structure for table `likes_object`
--

DROP TABLE IF EXISTS `likes_object`;
/*!40101 SET @saved_cs_client     = @@character_set_client */;
/*!50503 SET character_set_client = utf8mb4 */;
CREATE TABLE `likes_object` (
  `id` int NOT NULL AUTO_INCREMENT COMMENT 'Идентификатор строки',
  `likes_object` varchar(255) CHARACTER SET utf8mb4 COLLATE utf8mb4_unicode_ci NOT NULL COMMENT 'Тип объекта',
  `created_at` datetime DEFAULT CURRENT_TIMESTAMP,
  `updated_at` datetime DEFAULT CURRENT_TIMESTAMP ON UPDATE CURRENT_TIMESTAMP,
  PRIMARY KEY (`id`)
) ENGINE=InnoDB AUTO_INCREMENT=6 DEFAULT CHARSET=utf8mb4 COLLATE=utf8mb4_unicode_ci COMMENT='Справочник типов объекта';
/*!40101 SET character_set_client = @saved_cs_client */;

--
-- Dumping data for table `likes_object`
--

LOCK TABLES `likes_object` WRITE;
/*!40000 ALTER TABLE `likes_object` DISABLE KEYS */;
INSERT INTO `likes_object` VALUES (1,'user','2021-02-20 20:30:58','2021-02-20 20:31:37'),(2,'audio','2021-02-20 20:30:58','2021-02-20 20:31:37'),(3,'video','2021-02-20 20:30:58','2021-02-20 20:31:37'),(4,'image','2021-02-20 20:30:58','2021-02-20 20:31:37'),(5,'post','2021-02-20 20:30:58','2021-02-20 20:31:37');
/*!40000 ALTER TABLE `likes_object` ENABLE KEYS */;
UNLOCK TABLES;

--
-- Table structure for table `media`
--

DROP TABLE IF EXISTS `media`;
/*!40101 SET @saved_cs_client     = @@character_set_client */;
/*!50503 SET character_set_client = utf8mb4 */;
CREATE TABLE `media` (
  `id` int unsigned NOT NULL AUTO_INCREMENT COMMENT 'Идентификатор строки',
  `user_id` int unsigned NOT NULL COMMENT 'Ссылка на пользователя, который загрузил файл',
  `filename` varchar(255) CHARACTER SET utf8mb4 COLLATE utf8mb4_unicode_ci NOT NULL COMMENT 'Путь к файлу',
  `size` int NOT NULL,
  `metadata` json DEFAULT NULL,
  `media_type_id` int unsigned NOT NULL,
  `created_at` datetime DEFAULT CURRENT_TIMESTAMP COMMENT 'Время создания строки',
  `updated_at` datetime DEFAULT CURRENT_TIMESTAMP ON UPDATE CURRENT_TIMESTAMP COMMENT 'Время обновления строки',
  PRIMARY KEY (`id`)
) ENGINE=InnoDB AUTO_INCREMENT=101 DEFAULT CHARSET=utf8mb4 COLLATE=utf8mb4_unicode_ci COMMENT='Медиафайлы';
/*!40101 SET character_set_client = @saved_cs_client */;

--
-- Dumping data for table `media`
--

LOCK TABLES `media` WRITE;
/*!40000 ALTER TABLE `media` DISABLE KEYS */;
INSERT INTO `media` VALUES (1,50,'https://dropbox.net/vk/https://dropbox.net/vk/esse..mpg',17457,'{\"owner\": \"Emil Kautzer\"}',1,'1976-05-11 09:57:15','2021-02-20 18:25:39'),(2,100,'https://dropbox.net/vk/https://dropbox.net/vk/iste..mpg',26531,'{\"owner\": \"Ashly Watsica\"}',2,'2015-01-09 04:11:59','2021-02-20 18:25:39'),(3,52,'https://dropbox.net/vk/https://dropbox.net/vk/dolores..mp3',10285,'{\"owner\": \"Rosie Hessel\"}',3,'2018-10-18 15:23:49','2021-02-20 18:25:39'),(4,58,'https://dropbox.net/vk/https://dropbox.net/vk/ratione..mp3',21834,'{\"owner\": \"Marcel Gaylord\"}',3,'1988-04-06 20:04:18','2021-02-20 18:25:39'),(5,32,'https://dropbox.net/vk/https://dropbox.net/vk/et..jpg',28312,'{\"owner\": \"Evie Auer\"}',3,'1977-03-21 04:10:32','2021-02-20 18:25:39'),(6,85,'https://dropbox.net/vk/https://dropbox.net/vk/officia..mpg',26062,'{\"owner\": \"Warren Boyle\"}',2,'1976-11-13 07:58:23','2021-02-20 18:25:39'),(7,30,'https://dropbox.net/vk/https://dropbox.net/vk/illo..avi',15372,'{\"owner\": \"Kaycee Mayert\"}',2,'1975-04-10 07:18:26','2021-02-20 18:25:39'),(8,93,'https://dropbox.net/vk/https://dropbox.net/vk/illum..jpg',28674,'{\"owner\": \"Reece Rolfson\"}',3,'2002-12-13 10:01:45','2021-02-20 18:25:39'),(9,75,'https://dropbox.net/vk/https://dropbox.net/vk/est..mpg',27255,'{\"owner\": \"Maryse Kovacek\"}',1,'1987-08-02 22:20:22','2021-02-20 18:25:39'),(10,95,'https://dropbox.net/vk/https://dropbox.net/vk/sunt..mp3',20255,'{\"owner\": \"Jerel Kassulke\"}',3,'2018-11-23 23:03:19','2021-02-20 18:25:39'),(11,51,'https://dropbox.net/vk/https://dropbox.net/vk/optio..jpg',29508,'{\"owner\": \"Marcella Carroll\"}',2,'2016-04-18 21:22:14','2021-02-20 18:25:39'),(12,69,'https://dropbox.net/vk/https://dropbox.net/vk/aliquam..mpg',16778,'{\"owner\": \"Kiarra Hayes\"}',2,'2008-07-28 17:04:53','2021-02-20 18:25:39'),(13,91,'https://dropbox.net/vk/https://dropbox.net/vk/commodi..avi',25365,'{\"owner\": \"Christopher Kub\"}',1,'2005-10-31 20:12:06','2021-02-20 18:25:39'),(14,46,'https://dropbox.net/vk/https://dropbox.net/vk/placeat..avi',26491,'{\"owner\": \"Callie Lehner\"}',1,'2001-04-02 05:16:35','2021-02-20 18:25:39'),(15,57,'https://dropbox.net/vk/https://dropbox.net/vk/qui..jpg',26359,'{\"owner\": \"Gregory Towne\"}',1,'1975-06-21 17:16:05','2021-02-20 18:25:39'),(16,49,'https://dropbox.net/vk/https://dropbox.net/vk/vero..mp3',22325,'{\"owner\": \"Luis Monahan\"}',1,'2019-09-18 17:46:53','2021-02-20 18:25:39'),(17,72,'https://dropbox.net/vk/https://dropbox.net/vk/voluptatem..jpg',22546,'{\"owner\": \"Janiya Bednar\"}',3,'2006-07-25 04:36:15','2021-02-20 18:25:39'),(18,13,'https://dropbox.net/vk/https://dropbox.net/vk/consequatur..jpg',15757,'{\"owner\": \"Kaitlyn Goyette\"}',2,'1998-07-07 21:13:38','2021-02-20 18:25:39'),(19,50,'https://dropbox.net/vk/https://dropbox.net/vk/sit..jpg',21146,'{\"owner\": \"Emil Kautzer\"}',1,'2015-06-22 11:02:02','2021-02-20 18:25:39'),(20,8,'https://dropbox.net/vk/https://dropbox.net/vk/vero..avi',28460,'{\"owner\": \"Carson Luettgen\"}',1,'1987-04-16 11:51:18','2021-02-20 18:25:39'),(21,91,'https://dropbox.net/vk/https://dropbox.net/vk/quae..mp3',28861,'{\"owner\": \"Christopher Kub\"}',2,'1983-09-14 18:24:13','2021-02-20 18:25:39'),(22,28,'https://dropbox.net/vk/https://dropbox.net/vk/sed..avi',28927,'{\"owner\": \"Maritza Kulas\"}',1,'1979-03-10 05:12:39','2021-02-20 18:25:39'),(23,69,'https://dropbox.net/vk/https://dropbox.net/vk/quam..mp3',28051,'{\"owner\": \"Kiarra Hayes\"}',1,'1979-12-28 00:49:54','2021-02-20 18:25:39'),(24,59,'https://dropbox.net/vk/https://dropbox.net/vk/consequatur..mp3',23474,'{\"owner\": \"Marta Lindgren\"}',3,'1979-05-12 00:02:36','2021-02-20 18:25:39'),(25,89,'https://dropbox.net/vk/https://dropbox.net/vk/fuga..mp3',23217,'{\"owner\": \"Roslyn Pagac\"}',1,'2014-01-07 05:57:25','2021-02-20 18:25:39'),(26,67,'https://dropbox.net/vk/https://dropbox.net/vk/illum..avi',15665,'{\"owner\": \"Ethel Pacocha\"}',2,'2015-11-28 11:13:21','2021-02-20 18:25:39'),(27,69,'https://dropbox.net/vk/https://dropbox.net/vk/vel..jpg',18676,'{\"owner\": \"Kiarra Hayes\"}',2,'2011-03-16 17:22:00','2021-02-20 18:25:39'),(28,41,'https://dropbox.net/vk/https://dropbox.net/vk/deleniti..mp3',16384,'{\"owner\": \"Pascale Lehner\"}',3,'2004-04-04 01:51:19','2021-02-20 18:25:39'),(29,100,'https://dropbox.net/vk/https://dropbox.net/vk/repudiandae..avi',15891,'{\"owner\": \"Ashly Watsica\"}',3,'2016-07-06 14:06:10','2021-02-20 18:25:39'),(30,75,'https://dropbox.net/vk/https://dropbox.net/vk/provident..mpg',20305,'{\"owner\": \"Maryse Kovacek\"}',1,'1993-10-19 18:11:10','2021-02-20 18:25:39'),(31,74,'https://dropbox.net/vk/https://dropbox.net/vk/modi..mp3',23854,'{\"owner\": \"Savannah Ullrich\"}',1,'1972-09-06 06:40:23','2021-02-20 18:25:39'),(32,45,'https://dropbox.net/vk/https://dropbox.net/vk/facere..avi',28354,'{\"owner\": \"Assunta Feeney\"}',1,'1994-01-16 11:23:54','2021-02-20 18:25:39'),(33,2,'https://dropbox.net/vk/https://dropbox.net/vk/nesciunt..jpg',20209,'{\"owner\": \"Doris Rempel\"}',3,'2005-12-08 20:07:04','2021-02-20 18:25:39'),(34,73,'https://dropbox.net/vk/https://dropbox.net/vk/et..avi',25982,'{\"owner\": \"Dylan Runolfsdottir\"}',3,'2014-02-10 09:04:29','2021-02-20 18:25:39'),(35,61,'https://dropbox.net/vk/https://dropbox.net/vk/natus..avi',19286,'{\"owner\": \"Kamille Wilkinson\"}',3,'2020-03-09 16:12:39','2021-02-20 18:25:39'),(36,85,'https://dropbox.net/vk/https://dropbox.net/vk/dolorem..avi',28485,'{\"owner\": \"Warren Boyle\"}',2,'1981-12-12 09:06:01','2021-02-20 18:25:39'),(37,40,'https://dropbox.net/vk/https://dropbox.net/vk/et..mp3',14564,'{\"owner\": \"Cody Lynch\"}',1,'2006-08-03 02:56:50','2021-02-20 18:25:39'),(38,46,'https://dropbox.net/vk/https://dropbox.net/vk/non..mp3',17369,'{\"owner\": \"Callie Lehner\"}',3,'2016-04-02 16:49:38','2021-02-20 18:25:39'),(39,10,'https://dropbox.net/vk/https://dropbox.net/vk/dolor..jpg',13151,'{\"owner\": \"Johnson Stokes\"}',3,'2014-09-11 07:31:35','2021-02-20 18:25:39'),(40,11,'https://dropbox.net/vk/https://dropbox.net/vk/numquam..mp3',23648,'{\"owner\": \"Lizzie Howell\"}',1,'1994-05-08 03:22:31','2021-02-20 18:25:39'),(41,23,'https://dropbox.net/vk/https://dropbox.net/vk/nihil..jpg',28790,'{\"owner\": \"Carlos Berge\"}',1,'2007-12-21 19:25:54','2021-02-20 18:25:39'),(42,83,'https://dropbox.net/vk/https://dropbox.net/vk/enim..mp3',23004,'{\"owner\": \"Violette Mante\"}',2,'2012-04-05 09:13:44','2021-02-20 18:25:39'),(43,44,'https://dropbox.net/vk/https://dropbox.net/vk/similique..avi',18650,'{\"owner\": \"Tara Rice\"}',3,'2018-04-16 07:27:18','2021-02-20 18:25:39'),(44,72,'https://dropbox.net/vk/https://dropbox.net/vk/ratione..mpg',14241,'{\"owner\": \"Janiya Bednar\"}',2,'1994-12-31 02:33:35','2021-02-20 18:25:39'),(45,27,'https://dropbox.net/vk/https://dropbox.net/vk/maiores..jpg',25256,'{\"owner\": \"Amparo Gulgowski\"}',3,'1976-07-04 00:57:05','2021-02-20 18:25:39'),(46,19,'https://dropbox.net/vk/https://dropbox.net/vk/modi..jpg',13557,'{\"owner\": \"Heath Morar\"}',1,'1997-01-28 05:47:57','2021-02-20 18:25:39'),(47,13,'https://dropbox.net/vk/https://dropbox.net/vk/ut..mp3',22016,'{\"owner\": \"Kaitlyn Goyette\"}',3,'1985-08-17 04:22:11','2021-02-20 18:25:39'),(48,7,'https://dropbox.net/vk/https://dropbox.net/vk/assumenda..mpg',19412,'{\"owner\": \"Mozell Pfeffer\"}',3,'2009-05-07 21:11:35','2021-02-20 18:25:39'),(49,95,'https://dropbox.net/vk/https://dropbox.net/vk/sunt..jpg',21011,'{\"owner\": \"Jerel Kassulke\"}',1,'1985-02-12 09:13:33','2021-02-20 18:25:39'),(50,56,'https://dropbox.net/vk/https://dropbox.net/vk/enim..mpg',16819,'{\"owner\": \"Eino Maggio\"}',1,'1979-05-01 13:32:55','2021-02-20 18:25:39'),(51,93,'https://dropbox.net/vk/https://dropbox.net/vk/voluptatem..avi',11063,'{\"owner\": \"Reece Rolfson\"}',3,'2018-02-01 11:54:45','2021-02-20 18:25:39'),(52,97,'https://dropbox.net/vk/https://dropbox.net/vk/inventore..mpg',14860,'{\"owner\": \"Danny Dietrich\"}',3,'1989-11-25 23:24:53','2021-02-20 18:25:39'),(53,3,'https://dropbox.net/vk/https://dropbox.net/vk/exercitationem..mp3',11112,'{\"owner\": \"Autumn Daugherty\"}',3,'2000-01-15 00:57:01','2021-02-20 18:25:39'),(54,27,'https://dropbox.net/vk/https://dropbox.net/vk/distinctio..jpg',20982,'{\"owner\": \"Amparo Gulgowski\"}',3,'2019-04-29 10:22:18','2021-02-20 18:25:39'),(55,25,'https://dropbox.net/vk/https://dropbox.net/vk/earum..jpg',21571,'{\"owner\": \"Aleen Franecki\"}',1,'1989-11-18 10:06:22','2021-02-20 18:25:39'),(56,43,'https://dropbox.net/vk/https://dropbox.net/vk/explicabo..jpg',14910,'{\"owner\": \"Phoebe Spinka\"}',1,'1986-10-04 02:15:11','2021-02-20 18:25:39'),(57,39,'https://dropbox.net/vk/https://dropbox.net/vk/numquam..mpg',19837,'{\"owner\": \"Jerad Bode\"}',2,'1971-08-27 10:28:42','2021-02-20 18:25:39'),(58,66,'https://dropbox.net/vk/https://dropbox.net/vk/autem..mpg',24456,'{\"owner\": \"Ezra Donnelly\"}',1,'2009-09-21 14:23:25','2021-02-20 18:25:39'),(59,13,'https://dropbox.net/vk/https://dropbox.net/vk/tempore..mpg',12768,'{\"owner\": \"Kaitlyn Goyette\"}',2,'1991-08-21 06:35:19','2021-02-20 18:25:39'),(60,67,'https://dropbox.net/vk/https://dropbox.net/vk/neque..jpg',20473,'{\"owner\": \"Ethel Pacocha\"}',1,'2007-08-12 07:00:38','2021-02-20 18:25:39'),(61,94,'https://dropbox.net/vk/https://dropbox.net/vk/vitae..avi',14062,'{\"owner\": \"Sydni Cartwright\"}',1,'1972-11-05 01:57:16','2021-02-20 18:25:39'),(62,68,'https://dropbox.net/vk/https://dropbox.net/vk/omnis..avi',18891,'{\"owner\": \"Evalyn Little\"}',1,'2016-09-14 01:09:47','2021-02-20 18:25:39'),(63,60,'https://dropbox.net/vk/https://dropbox.net/vk/aperiam..mp3',22270,'{\"owner\": \"Emely Mitchell\"}',3,'2014-12-09 20:49:10','2021-02-20 18:25:39'),(64,95,'https://dropbox.net/vk/https://dropbox.net/vk/modi..mp3',24677,'{\"owner\": \"Jerel Kassulke\"}',2,'2001-06-18 03:13:25','2021-02-20 18:25:39'),(65,94,'https://dropbox.net/vk/https://dropbox.net/vk/doloremque..mpg',26577,'{\"owner\": \"Sydni Cartwright\"}',1,'2001-04-01 02:22:24','2021-02-20 18:25:39'),(66,84,'https://dropbox.net/vk/https://dropbox.net/vk/quos..avi',28854,'{\"owner\": \"Gianni Lemke\"}',3,'2012-01-03 21:35:25','2021-02-20 18:25:39'),(67,39,'https://dropbox.net/vk/https://dropbox.net/vk/corporis..jpg',14541,'{\"owner\": \"Jerad Bode\"}',3,'1995-09-21 15:03:15','2021-02-20 18:25:39'),(68,40,'https://dropbox.net/vk/https://dropbox.net/vk/et..mpg',16142,'{\"owner\": \"Cody Lynch\"}',1,'2008-06-23 14:25:34','2021-02-20 18:25:39'),(69,82,'https://dropbox.net/vk/https://dropbox.net/vk/suscipit..mp3',27089,'{\"owner\": \"Malachi Ruecker\"}',2,'2006-05-31 03:28:46','2021-02-20 18:25:39'),(70,91,'https://dropbox.net/vk/https://dropbox.net/vk/similique..mp3',17017,'{\"owner\": \"Christopher Kub\"}',1,'1994-09-09 18:40:53','2021-02-20 18:25:39'),(71,7,'https://dropbox.net/vk/https://dropbox.net/vk/commodi..jpg',13820,'{\"owner\": \"Mozell Pfeffer\"}',2,'1991-09-24 22:18:00','2021-02-20 18:25:39'),(72,63,'https://dropbox.net/vk/https://dropbox.net/vk/est..mp3',28050,'{\"owner\": \"Rowena Hickle\"}',1,'2013-05-03 01:47:44','2021-02-20 18:25:39'),(73,94,'https://dropbox.net/vk/https://dropbox.net/vk/nihil..mp3',28790,'{\"owner\": \"Sydni Cartwright\"}',1,'2019-03-14 03:31:00','2021-02-20 18:25:39'),(74,81,'https://dropbox.net/vk/https://dropbox.net/vk/sed..mp3',29802,'{\"owner\": \"Levi Durgan\"}',1,'2018-05-31 10:48:58','2021-02-20 18:25:39'),(75,22,'https://dropbox.net/vk/https://dropbox.net/vk/dolorem..jpg',12639,'{\"owner\": \"Berenice Kunde\"}',3,'2007-06-10 14:43:30','2021-02-20 18:25:39'),(76,68,'https://dropbox.net/vk/https://dropbox.net/vk/iste..mp3',23792,'{\"owner\": \"Evalyn Little\"}',3,'2004-12-13 19:39:21','2021-02-20 18:25:39'),(77,71,'https://dropbox.net/vk/https://dropbox.net/vk/quia..avi',11042,'{\"owner\": \"Ramiro Koss\"}',1,'1978-08-24 08:09:03','2021-02-20 18:25:39'),(78,52,'https://dropbox.net/vk/https://dropbox.net/vk/voluptas..mp3',13833,'{\"owner\": \"Rosie Hessel\"}',3,'2006-02-14 15:18:51','2021-02-20 18:25:39'),(79,45,'https://dropbox.net/vk/https://dropbox.net/vk/omnis..avi',26041,'{\"owner\": \"Assunta Feeney\"}',2,'2008-06-24 23:39:26','2021-02-20 18:25:39'),(80,71,'https://dropbox.net/vk/https://dropbox.net/vk/aspernatur..jpg',18707,'{\"owner\": \"Ramiro Koss\"}',2,'2014-11-29 12:33:33','2021-02-20 18:25:39'),(81,17,'https://dropbox.net/vk/https://dropbox.net/vk/voluptatem..mpg',25412,'{\"owner\": \"Sylvia Langosh\"}',2,'1993-08-03 03:40:51','2021-02-20 18:25:39'),(82,73,'https://dropbox.net/vk/https://dropbox.net/vk/minus..mpg',20940,'{\"owner\": \"Dylan Runolfsdottir\"}',1,'1982-09-29 07:34:37','2021-02-20 18:25:39'),(83,13,'https://dropbox.net/vk/https://dropbox.net/vk/accusantium..avi',18466,'{\"owner\": \"Kaitlyn Goyette\"}',2,'1977-04-23 17:12:56','2021-02-20 18:25:39'),(84,47,'https://dropbox.net/vk/https://dropbox.net/vk/ipsum..jpg',19510,'{\"owner\": \"Thad Gerlach\"}',1,'1976-12-15 08:59:08','2021-02-20 18:25:39'),(85,94,'https://dropbox.net/vk/https://dropbox.net/vk/fuga..mp3',12152,'{\"owner\": \"Sydni Cartwright\"}',1,'1975-10-24 11:48:57','2021-02-20 18:25:39'),(86,28,'https://dropbox.net/vk/https://dropbox.net/vk/et..avi',12232,'{\"owner\": \"Maritza Kulas\"}',2,'1987-07-09 10:54:38','2021-02-20 18:25:39'),(87,56,'https://dropbox.net/vk/https://dropbox.net/vk/qui..mp3',14703,'{\"owner\": \"Eino Maggio\"}',2,'2018-09-22 11:37:13','2021-02-20 18:25:39'),(88,99,'https://dropbox.net/vk/https://dropbox.net/vk/aut..avi',26818,'{\"owner\": \"Price Auer\"}',3,'2008-10-18 05:04:26','2021-02-20 18:25:39'),(89,24,'https://dropbox.net/vk/https://dropbox.net/vk/laudantium..avi',19983,'{\"owner\": \"Conrad Gleichner\"}',2,'1978-11-22 23:12:53','2021-02-20 18:25:39'),(90,23,'https://dropbox.net/vk/https://dropbox.net/vk/consequatur..avi',29463,'{\"owner\": \"Carlos Berge\"}',1,'1981-06-29 04:49:20','2021-02-20 18:25:39'),(91,43,'https://dropbox.net/vk/https://dropbox.net/vk/reprehenderit..avi',17367,'{\"owner\": \"Phoebe Spinka\"}',2,'2012-05-22 10:41:05','2021-02-20 18:25:39'),(92,46,'https://dropbox.net/vk/https://dropbox.net/vk/dignissimos..avi',28444,'{\"owner\": \"Callie Lehner\"}',3,'1975-12-26 00:01:33','2021-02-20 18:25:39'),(93,1,'https://dropbox.net/vk/https://dropbox.net/vk/sint..avi',20119,'{\"owner\": \"Margot Fahey\"}',1,'1977-12-24 16:53:40','2021-02-20 18:25:39'),(94,67,'https://dropbox.net/vk/https://dropbox.net/vk/provident..avi',25263,'{\"owner\": \"Ethel Pacocha\"}',1,'2020-03-04 10:28:58','2021-02-20 18:25:39'),(95,31,'https://dropbox.net/vk/https://dropbox.net/vk/ut..mp3',15958,'{\"owner\": \"Jean Deckow\"}',1,'2008-09-16 11:36:35','2021-02-20 18:25:39'),(96,52,'https://dropbox.net/vk/https://dropbox.net/vk/temporibus..avi',14003,'{\"owner\": \"Rosie Hessel\"}',3,'1973-04-23 23:05:53','2021-02-20 18:25:39'),(97,67,'https://dropbox.net/vk/https://dropbox.net/vk/suscipit..jpg',12140,'{\"owner\": \"Ethel Pacocha\"}',1,'1976-08-22 23:44:49','2021-02-20 18:25:39'),(98,77,'https://dropbox.net/vk/https://dropbox.net/vk/ipsum..mpg',28691,'{\"owner\": \"Delbert Raynor\"}',2,'2002-11-12 17:42:39','2021-02-20 18:25:39'),(99,83,'https://dropbox.net/vk/https://dropbox.net/vk/mollitia..jpg',17037,'{\"owner\": \"Violette Mante\"}',2,'1977-05-23 11:19:39','2021-02-20 18:25:39'),(100,86,'https://dropbox.net/vk/https://dropbox.net/vk/asperiores..mp3',29111,'{\"owner\": \"Adella Reynolds\"}',1,'2003-09-14 08:30:37','2021-02-20 18:25:39');
/*!40000 ALTER TABLE `media` ENABLE KEYS */;
UNLOCK TABLES;

--
-- Table structure for table `media_type`
--

DROP TABLE IF EXISTS `media_type`;
/*!40101 SET @saved_cs_client     = @@character_set_client */;
/*!50503 SET character_set_client = utf8mb4 */;
CREATE TABLE `media_type` (
  `id` int unsigned NOT NULL AUTO_INCREMENT COMMENT 'Идентификатор строки',
  `name` varchar(255) CHARACTER SET utf8mb4 COLLATE utf8mb4_unicode_ci NOT NULL COMMENT 'Название типа',
  `created_at` datetime DEFAULT CURRENT_TIMESTAMP COMMENT 'Время создания строки',
  `updated_at` datetime DEFAULT CURRENT_TIMESTAMP ON UPDATE CURRENT_TIMESTAMP COMMENT 'Время обновления строки',
  PRIMARY KEY (`id`),
  UNIQUE KEY `name` (`name`)
) ENGINE=InnoDB AUTO_INCREMENT=4 DEFAULT CHARSET=utf8mb4 COLLATE=utf8mb4_unicode_ci COMMENT='Типы медиафайлов';
/*!40101 SET character_set_client = @saved_cs_client */;

--
-- Dumping data for table `media_type`
--

LOCK TABLES `media_type` WRITE;
/*!40000 ALTER TABLE `media_type` DISABLE KEYS */;
INSERT INTO `media_type` VALUES (1,'audio','1982-01-17 07:51:32','2021-02-20 17:46:21'),(2,'video','2021-02-20 17:17:06','2021-02-20 17:46:37'),(3,'image','2021-02-20 17:47:31','2021-02-20 17:47:31');
/*!40000 ALTER TABLE `media_type` ENABLE KEYS */;
UNLOCK TABLES;

--
-- Table structure for table `messages`
--

DROP TABLE IF EXISTS `messages`;
/*!40101 SET @saved_cs_client     = @@character_set_client */;
/*!50503 SET character_set_client = utf8mb4 */;
CREATE TABLE `messages` (
  `id` int NOT NULL AUTO_INCREMENT COMMENT 'Идентификатор строки',
  `from_user_id` int unsigned NOT NULL COMMENT 'Ссылка на отправителя сообщения',
  `to_user_id` int unsigned NOT NULL COMMENT 'Ссылка на получателя сообщения',
  `body` text CHARACTER SET utf8mb4 COLLATE utf8mb4_unicode_ci NOT NULL COMMENT 'Текст сообщения',
  `is_important` tinyint(1) DEFAULT NULL COMMENT 'Признак важности',
  `is_delivered` tinyint(1) DEFAULT NULL COMMENT 'Признак доставки',
  `created_at` datetime DEFAULT CURRENT_TIMESTAMP COMMENT 'Время создания строки',
  `updated_at` datetime DEFAULT CURRENT_TIMESTAMP ON UPDATE CURRENT_TIMESTAMP COMMENT 'Время обновления строки',
  PRIMARY KEY (`id`)
) ENGINE=InnoDB AUTO_INCREMENT=101 DEFAULT CHARSET=utf8mb4 COLLATE=utf8mb4_unicode_ci COMMENT='Сообщения';
/*!40101 SET character_set_client = @saved_cs_client */;

--
-- Dumping data for table `messages`
--

LOCK TABLES `messages` WRITE;
/*!40000 ALTER TABLE `messages` DISABLE KEYS */;
INSERT INTO `messages` VALUES (1,98,52,'Aut soluta dolorem eius qui fugit. Ea accusamus quia nemo fugit sapiente est fugiat. Iure iure ullam inventore voluptas sunt vel. Aut repudiandae et tempora facere aut.',1,0,'2017-06-25 22:08:07','2021-02-21 14:01:37'),(2,65,70,'Commodi et est non maxime culpa. Et ipsam ex repudiandae.',1,1,'1993-11-10 22:35:42','2021-02-21 13:59:37'),(3,53,53,'Quo voluptatem laudantium amet nemo placeat est recusandae. Non tempore rerum ducimus nihil accusamus. Non corrupti dignissimos consectetur quod id. Aut ab consequatur quia repudiandae.',0,1,'1983-01-11 08:49:43','2021-02-21 14:01:17'),(4,9,84,'Hic cum quasi exercitationem dignissimos facilis repudiandae expedita. Quam ipsa distinctio dolores exercitationem explicabo. Dolor in hic repellendus vitae dignissimos magni exercitationem.',1,1,'2000-03-02 02:34:50','2021-02-21 14:01:17'),(5,92,7,'Numquam qui praesentium quis reprehenderit nam qui. Rerum natus quisquam quidem provident ullam et. Quod dolore eos et officia eum unde ab. Quia id veniam consequuntur sunt quaerat sit corrupti.',0,0,'1973-10-08 15:00:55','2021-02-21 14:01:37'),(6,58,69,'Temporibus omnis delectus tempora qui velit dolores sed. Enim est ea totam sunt. Culpa non enim nihil repudiandae sunt. Voluptas qui laboriosam et voluptas.',0,0,'1982-08-05 09:37:55','2021-02-21 14:01:37'),(7,71,46,'Nostrum omnis quo illum mollitia ducimus quam. Quos consequatur earum veritatis autem maiores impedit id accusamus. Quas esse corrupti dolores porro laboriosam. Libero cumque sapiente est harum sequi est. Magni similique dolor soluta eum ut.',0,0,'2005-07-12 20:30:56','2021-02-21 14:01:37'),(8,18,51,'Necessitatibus eum quis cupiditate. Nam et ea et quos et. Velit et fuga expedita beatae. Ut sunt qui delectus aliquam qui.',0,1,'2011-04-18 12:01:51','2021-02-21 14:01:17'),(9,100,47,'Quas aliquam omnis dolorem neque. Praesentium aut est iusto animi praesentium culpa. Nulla fugit accusamus voluptatem non cumque non. Non iusto non expedita a odit alias quo.',1,0,'1993-07-23 20:15:50','2021-02-21 14:01:37'),(10,36,39,'Rem adipisci sunt blanditiis dicta ad accusantium et eum. Animi laborum sit explicabo quaerat. Dolor illo et distinctio veniam sit dolorem. Libero incidunt ipsam aut sint rerum aut tempore blanditiis. Excepturi rerum fuga a mollitia aut voluptatibus.',0,0,'2014-11-01 15:17:03','2021-02-21 14:01:37'),(11,86,12,'Mollitia cumque qui velit dolore. Atque ducimus suscipit atque. Asperiores rerum veritatis dignissimos et.',1,0,'2001-01-03 03:31:15','2021-02-21 14:01:37'),(12,100,64,'Quas saepe reprehenderit temporibus labore quaerat est. Aspernatur ipsam reprehenderit magnam saepe quod. Reprehenderit itaque et vitae expedita. Modi repudiandae itaque voluptas adipisci et voluptas ab quia.',1,1,'1993-09-20 21:00:45','2021-02-21 14:01:37'),(13,20,9,'Rerum id dicta voluptatem eos sunt. Unde magnam atque quis ut qui pariatur. Quia sequi nobis est neque magnam et. Tenetur quia corporis possimus esse voluptatem. Aut eveniet nihil commodi.',1,1,'2006-12-25 14:42:48','2021-02-21 14:01:37'),(14,85,99,'Qui recusandae mollitia harum nemo vitae voluptate est. Suscipit quia aliquid molestias neque blanditiis autem assumenda. Aut culpa sapiente iusto libero dolores sequi delectus hic.',1,0,'1971-08-28 03:51:37','2021-02-21 14:01:37'),(15,36,82,'Expedita rem sunt repellat assumenda expedita. Quo quia iste voluptate eligendi accusamus soluta. Laborum et rerum quidem ea impedit. Praesentium optio molestias repellendus sit sint similique. Sit adipisci exercitationem ea repellendus et.',0,0,'1972-10-08 16:51:08','2021-02-21 14:01:37'),(16,3,67,'Sed accusantium placeat ad nihil nesciunt modi at. Ducimus id quo eos placeat dolor unde nostrum eum. Voluptatibus qui illo facilis quibusdam. Natus dignissimos doloribus et consequatur. Earum cum unde sint architecto necessitatibus consequatur.',1,1,'2014-03-17 10:45:09','2021-02-21 14:01:37'),(17,24,22,'Modi ut quos vel voluptatum. Sint corrupti modi sunt reiciendis sed magni. Non nemo neque eum ab pariatur dolor. Et illum officia praesentium quo.',1,1,'1970-06-01 22:04:04','2021-02-21 14:01:37'),(18,37,19,'Qui minima omnis assumenda et esse repellat. Inventore enim aperiam temporibus dignissimos voluptate nesciunt. Amet at rerum magnam nostrum.',1,1,'2002-07-30 09:40:38','2021-02-21 14:01:37'),(19,85,65,'Explicabo non enim nisi ipsum quis sunt. Aut tempore ut aut error. Ex iure dolores beatae sapiente. Repellendus et molestiae tempora quo eos. Exercitationem aut nesciunt assumenda quibusdam.',0,1,'1997-06-21 07:07:39','2021-02-21 14:01:37'),(20,70,53,'Voluptas omnis eveniet quidem reiciendis quas voluptatem. Quis laudantium quo quasi aut ea sequi. Sequi at quam officiis qui molestiae consequuntur itaque.',1,0,'2013-11-28 09:32:23','2021-02-21 14:01:37'),(21,55,15,'Provident tempore quis porro mollitia quia sunt. Vel maxime quia non exercitationem quam omnis est ipsum. Et quis occaecati excepturi ea. Est nam quo vel rerum. Voluptatum deleniti aut sit quia rerum non.',1,0,'2007-05-17 17:45:12','2021-02-21 14:01:37'),(22,10,3,'Asperiores blanditiis corporis id corrupti nihil vel cupiditate dicta. Ab vel autem minus aut voluptatibus illo eos soluta. Alias quis aut minima culpa quia sunt eius minima. Est quae rem velit molestias illo.',0,0,'1983-04-01 09:24:31','2021-02-21 14:01:37'),(23,83,9,'Consequatur veniam dolorem ex aut totam voluptates praesentium. Illum accusamus tempore iure rerum non atque impedit. Omnis repellendus quaerat rem sint. Nisi sit odit id unde et id perspiciatis autem.',0,0,'1971-11-23 15:11:47','2021-02-21 14:01:37'),(24,96,52,'Earum sit ut voluptatem cupiditate. Molestiae voluptas provident dicta vel. Commodi distinctio pariatur et.',0,0,'2013-03-21 12:54:47','2021-02-21 14:01:37'),(25,69,90,'Veniam minus quidem esse. Tempore magni eligendi quia voluptatibus sed est. Vero dolore necessitatibus sunt excepturi repellendus sit. Vel commodi quia dicta recusandae qui.',0,0,'1982-01-15 06:28:17','2021-02-21 14:01:37'),(26,44,47,'Quo non accusantium perferendis sequi. Molestiae harum quis aut facilis magnam et est. Saepe velit similique suscipit et. In voluptates temporibus delectus.',0,0,'1986-10-22 21:04:13','2021-02-21 14:01:37'),(27,3,73,'Qui temporibus atque voluptates. Eligendi est et velit. Aut labore commodi sed ipsa. Veniam ab et eius molestiae tempora nesciunt.',0,0,'1971-07-07 19:28:04','2021-02-21 14:01:37'),(28,57,64,'Quibusdam sit eveniet labore labore voluptas reprehenderit. Natus quam est nulla at quisquam qui. Ducimus blanditiis minima consequatur corporis ab est ea.',0,1,'1997-09-23 17:43:00','2021-02-21 14:01:17'),(29,51,62,'Vel distinctio error asperiores. Corporis facilis qui non nam et. Odio tempore numquam laborum sed nihil nulla. Occaecati est officiis ad unde alias est exercitationem sed.',0,0,'1981-05-16 19:36:54','2021-02-21 14:01:37'),(30,57,96,'Et molestiae earum nihil dolorum sunt. Sapiente consequatur quia quas sed non quis enim id. Recusandae minima tempora animi placeat consequatur aut distinctio. Eum veritatis aut voluptatem labore rem velit facere.',0,0,'1983-09-29 13:50:34','2021-02-21 14:01:37'),(31,9,59,'Quia ut sed sequi in omnis aut iste. Sunt nobis vel atque et. Quae dignissimos autem consectetur. Cupiditate rerum ullam quas harum.',1,0,'1984-01-11 17:37:03','2021-02-21 14:01:37'),(32,66,51,'Quod blanditiis iste labore rem. Omnis odio ut dolore ut aut a modi. Eos aliquid eligendi iusto amet debitis eum ab. Natus deserunt sed eaque.',0,1,'1973-07-25 01:18:13','2021-02-21 14:01:37'),(33,58,36,'Illum ut dolorem assumenda alias. Eos voluptas maiores eius sit sapiente recusandae quis. Veniam iste est magnam fuga possimus. Dolores aut amet recusandae inventore debitis labore.',0,0,'2016-09-12 04:42:47','2021-02-21 14:01:37'),(34,8,29,'In fuga dignissimos ea voluptates quisquam quia dolorum. Ullam rerum voluptates molestiae dolor incidunt amet in.',0,0,'2004-04-06 13:54:35','2021-02-21 14:01:37'),(35,20,14,'Sed non architecto inventore odit. Commodi molestias consequatur non magni est atque expedita quod. Molestiae iure ad quis omnis autem et corporis.',1,1,'1980-05-31 05:52:54','2021-02-21 14:01:37'),(36,8,99,'Quae voluptatum officiis vel. Nostrum sequi similique sed eius similique possimus autem. Quod rerum soluta dicta officia. Quam praesentium velit aperiam.',1,0,'1976-03-07 03:18:58','2021-02-21 14:01:37'),(37,72,59,'Asperiores et illum nisi doloremque vitae. Distinctio et tenetur praesentium accusantium inventore ut rerum. Numquam dolores rerum aut facere deleniti. Dicta molestias facilis rerum in. Voluptatem corrupti et ducimus consectetur corrupti eius.',1,1,'1984-06-22 13:10:27','2021-02-21 14:01:37'),(38,81,29,'Amet vitae hic at sunt. Sunt in impedit aut rem corporis dignissimos officiis. Rerum ea nihil et atque perferendis veniam doloremque.',1,1,'1978-11-01 07:38:35','2021-02-21 13:59:37'),(39,99,9,'Earum eos delectus aperiam qui aut. Sapiente voluptas et repellendus non. A necessitatibus molestiae cupiditate possimus blanditiis. Necessitatibus rerum excepturi ab similique velit deserunt. Perspiciatis maxime sit voluptas voluptatum veniam error hic.',0,1,'1978-02-08 11:15:48','2021-02-21 14:01:37'),(40,48,12,'Rerum omnis excepturi quis ex accusantium repellat dolor. Id reprehenderit odit et aut facere eveniet rem tempora. Repellendus expedita nihil illum voluptatem.',0,0,'1987-04-13 19:28:21','2021-02-21 14:01:37'),(41,13,31,'Sit praesentium sit quidem voluptatum debitis. Aut et alias et aut molestiae nihil pariatur. Occaecati rerum cumque officia. Ea debitis voluptatum impedit exercitationem odit.',1,0,'1970-08-18 10:40:03','2021-02-21 14:01:37'),(42,15,81,'Quam sit et ipsum hic alias inventore. Consequatur cupiditate minus assumenda enim. Dignissimos consequatur delectus neque ducimus aut unde.',0,0,'2003-03-17 04:42:17','2021-02-21 14:01:37'),(43,61,62,'Facere et debitis maiores adipisci. Ea amet ea dignissimos dolorem reiciendis laboriosam. Fuga ad enim necessitatibus.',0,0,'1982-11-18 17:34:27','2021-02-21 14:01:37'),(44,25,40,'Laborum tenetur alias tenetur quia. Velit autem molestias doloremque. Soluta nam officiis inventore neque. Non doloribus laborum quas cupiditate quia cumque adipisci.',0,1,'2019-04-27 16:04:56','2021-02-21 14:01:37'),(45,26,7,'Aut vel labore est. Ad alias sed dolor pariatur asperiores. Voluptatum non velit rerum quasi vitae repellat.',1,1,'1996-09-05 09:11:42','2021-02-21 14:01:17'),(46,59,71,'Commodi facilis quisquam fugit sed ad eos doloribus harum. Unde ex commodi voluptas eveniet qui amet sunt. Natus debitis laboriosam magni id qui ut error. Nisi veniam ducimus quia molestiae voluptatum consectetur fuga.',1,0,'2011-07-04 08:52:32','2021-02-21 14:01:37'),(47,80,84,'Rerum deserunt aut totam aliquam. Mollitia sint soluta quis delectus dolorum. Pariatur iusto mollitia numquam temporibus repellat. Commodi ex amet possimus voluptas voluptatem.',0,1,'2019-06-25 07:23:23','2021-02-21 14:01:37'),(48,80,50,'Excepturi praesentium numquam dignissimos eligendi neque. Porro unde eaque veritatis excepturi id. Porro at laboriosam libero quos.',0,0,'1998-03-16 00:42:58','2021-02-21 14:01:37'),(49,6,83,'Voluptas numquam soluta eveniet quo recusandae provident exercitationem. Saepe dolor et ipsa reiciendis. Enim aut voluptatum corporis.',1,0,'2016-11-24 17:36:46','2021-02-21 14:01:37'),(50,93,17,'Voluptatem aliquam hic optio corrupti. Dolores nostrum aut velit molestias in nam natus. Architecto quas ullam qui nobis.',0,0,'2019-10-12 22:15:44','2021-02-21 14:01:37'),(51,6,76,'Aut fugit sed voluptatum fugit. Omnis unde magni aliquid in.',1,1,'2016-12-10 06:21:54','2021-02-21 13:59:37'),(52,64,92,'Eos ipsam distinctio libero qui eius modi vel eos. Distinctio incidunt iusto dicta sapiente voluptatem. Sit a aut corrupti maiores est.',1,1,'2007-10-02 03:44:44','2021-02-21 14:01:37'),(53,66,55,'Et asperiores ut impedit. Doloremque aspernatur corrupti nobis sit. Non eum quia dolor aliquam temporibus perspiciatis voluptatem.',0,1,'2003-07-09 22:18:36','2021-02-21 14:01:17'),(54,74,8,'Qui sapiente enim libero. Accusamus consequuntur a voluptatem commodi excepturi. Vel voluptatum aut illum et voluptatem aliquam nesciunt minima.',1,1,'2002-07-24 21:42:14','2021-02-21 14:01:37'),(55,15,52,'Dolorum recusandae modi aliquid. Veniam consequatur natus quasi. Nulla dolores facere exercitationem natus voluptas.',0,0,'2014-07-24 09:06:46','2021-02-21 14:01:37'),(56,12,4,'Accusantium delectus nihil et qui. Officia in a illo et nam et excepturi. Qui illum provident similique repellendus veniam quasi. Magnam sequi harum labore non modi amet. Nesciunt animi distinctio et est quia nam.',1,0,'2006-03-20 11:08:58','2021-02-21 14:01:37'),(57,84,7,'Quo at consequuntur reprehenderit praesentium. Magnam quasi consectetur illum est. Sint officia voluptas ut consequuntur inventore possimus cupiditate. Ut necessitatibus nisi delectus.',0,1,'1995-10-06 05:43:54','2021-02-21 14:01:17'),(58,81,87,'Rem dolor eligendi expedita qui amet velit. Maxime sed eos ut eligendi distinctio asperiores officiis. Adipisci est quia non est placeat exercitationem.',1,1,'1978-03-12 23:44:57','2021-02-21 13:59:37'),(59,89,84,'Sapiente voluptatum vitae qui dolorem. Facilis fugit sunt eaque. Praesentium nihil blanditiis itaque vero est sit quas. Officiis facilis aspernatur similique et.',0,0,'2017-09-15 01:44:28','2021-02-21 14:01:37'),(60,54,17,'Voluptatibus est odit est excepturi dolorum magni. Enim eos porro beatae quod qui quia illo. Repellendus cupiditate rerum maiores dolor accusamus quia sint. Laborum unde ad hic voluptates et.',0,0,'1975-10-06 00:44:24','2021-02-21 14:01:37'),(61,23,64,'Facere praesentium molestiae tempora. Rerum earum labore odit qui. Quod ex minima sunt repudiandae architecto.',0,1,'1972-07-29 05:18:09','2021-02-21 14:01:37'),(62,50,57,'Explicabo et consequatur maiores quis. Id ut iusto rerum voluptate. Beatae neque sit nihil omnis.',0,0,'1984-02-22 14:44:22','2021-02-21 14:01:37'),(63,35,3,'Repudiandae sint omnis et ipsam. Qui dolore dolores fugit aliquid. Ut at sit voluptas fuga nostrum ea culpa dolores. Rerum praesentium similique beatae consequatur aliquid officiis similique.',1,1,'1970-11-21 14:37:42','2021-02-21 14:01:37'),(64,12,47,'Non sit quia minus est aut. Et ad voluptates labore voluptatum itaque quisquam numquam. Et omnis nobis quasi non.',1,0,'2004-06-21 18:45:55','2021-02-21 14:01:37'),(65,1,64,'Soluta ea natus dignissimos et enim consequatur. Perspiciatis laborum fuga id quaerat et fuga sit.',0,0,'2015-07-22 18:39:59','2021-02-21 14:01:37'),(66,14,77,'Adipisci excepturi quae quos eius architecto quod pariatur. Aut nihil voluptas beatae sed eum. Aliquid debitis aperiam in dignissimos ut animi. Molestias quasi qui error tempora perspiciatis voluptas sequi.',1,1,'1972-08-09 13:24:57','2021-02-21 14:01:17'),(67,43,85,'Dolor eaque sed sit at natus neque. Hic accusantium fugiat laudantium beatae velit id.',0,0,'2010-11-11 03:19:01','2021-02-21 14:01:37'),(68,94,16,'In nam tempore officiis repellendus. Nulla adipisci nobis ut accusamus ipsa. Tenetur molestiae et ut autem.',1,0,'1979-01-14 09:06:37','2021-02-21 14:01:37'),(69,96,34,'Et aut quod impedit ea tempore. Odit porro neque perferendis eum. Officiis nam molestiae ut velit. Iste culpa dolores magnam nobis soluta atque.',0,0,'1986-06-22 00:15:29','2021-02-21 14:01:37'),(70,80,96,'Quaerat eum et quidem molestias quo aut. Voluptas illum perferendis nam exercitationem aut a earum. Rerum magnam sint voluptas dicta sapiente quisquam aliquid. Hic nemo qui fuga numquam eum officia doloremque exercitationem.',0,1,'1971-05-14 21:28:32','2021-02-21 14:01:37'),(71,42,21,'Distinctio omnis maiores ea eius dolore id cum. Autem quaerat laudantium sunt. Ratione ab asperiores ut et eum officia praesentium. Ipsum sit nisi fugit.',1,0,'2002-06-06 13:18:21','2021-02-21 14:01:37'),(72,79,30,'Accusamus vitae animi mollitia et. Dolorem omnis eveniet fugiat quis aut. Et odit omnis ut sit est. Voluptas libero et praesentium ipsum iusto.',0,0,'1989-08-20 23:26:54','2021-02-21 14:01:37'),(73,14,78,'Ut laudantium mollitia enim qui atque deleniti. Ut saepe tempore nihil fugiat facilis maxime ullam.',0,0,'1982-11-12 08:54:37','2021-02-21 14:01:37'),(74,48,7,'Ab ad aspernatur qui eligendi. Asperiores aut quod eius. Id sint deleniti excepturi et fugit deleniti.',1,1,'1981-05-04 13:04:04','2021-02-21 14:01:37'),(75,91,34,'Id aperiam officiis nemo. Eum repellendus deleniti ipsa praesentium occaecati aperiam. Aperiam eum esse consequatur ut ipsam quia ut. Itaque tempore enim ut consequatur molestiae harum.',1,1,'2006-03-22 18:14:31','2021-02-21 14:01:37'),(76,95,71,'Quae eum nemo qui eum. Et quae inventore alias culpa dolorum id est. Velit tempora nesciunt ea voluptatem officia repellat. Deserunt eveniet quod veritatis debitis.',0,1,'1971-08-22 11:20:30','2021-02-21 14:01:17'),(77,72,46,'Maiores aliquam odit dolore culpa dolore quisquam. Esse consectetur qui est quia cumque voluptas magni. Libero quo similique dolor.',1,1,'2009-08-21 18:31:30','2021-02-21 14:01:37'),(78,14,33,'Autem cumque et maxime dolorum perferendis dolore sed. Quia dolor facere qui ut itaque dicta rerum. Possimus fugit eos rerum. Vel iste labore consequatur aliquid tempore.',1,0,'1979-05-11 00:03:28','2021-02-21 14:01:37'),(79,21,7,'Est adipisci nulla aspernatur nihil. Et labore minus rem non.',1,0,'2005-10-15 21:22:46','2021-02-21 14:01:37'),(80,69,23,'Non voluptatem vel maxime rerum doloribus temporibus. Aliquam itaque qui est doloribus. Inventore eveniet laborum autem cumque sunt consequatur aspernatur autem. Voluptatibus ullam et enim modi. At id omnis sed est voluptate voluptas pariatur eligendi.',0,1,'1989-10-23 06:40:08','2021-02-21 14:01:17'),(81,10,81,'Laudantium ex nihil aut molestiae corporis nostrum amet. Atque cumque eveniet magni. Nihil ut sunt et quos quae. Veniam sed voluptatem ea. Voluptatem velit aliquam similique rerum fuga et.',1,0,'1983-03-22 22:56:13','2021-02-21 14:01:37'),(82,75,31,'Aspernatur eaque voluptatum dolor dolor illo eius omnis. Saepe vel possimus earum pariatur aut. Odit ut dolorem ut impedit. Aut cumque laborum non reiciendis quae ut.',1,1,'2011-09-15 12:32:02','2021-02-21 14:01:17'),(83,27,44,'Aut et doloribus laboriosam rerum ab autem molestias. Omnis modi molestiae deserunt. Sequi nihil sunt tenetur veritatis qui.',0,0,'2010-12-27 13:47:46','2021-02-21 14:01:37'),(84,37,53,'Quia magni aperiam rem cum iusto consequatur quis. Voluptate repudiandae et eum eius. Ab eos nemo impedit nulla sunt ut.',1,1,'1984-04-11 11:21:02','2021-02-21 14:01:37'),(85,53,7,'Sint tempore aut officia ullam odit vero. Autem aut ullam impedit eos aut aliquam nemo eum. Repudiandae debitis et placeat et quos minima dicta facilis.',0,1,'1999-12-15 01:27:35','2021-02-21 14:01:17'),(86,77,60,'Esse omnis ratione et ullam corporis optio temporibus. Eligendi hic aut dolorem sint sint temporibus aut alias. Est quos hic quia.',0,1,'2007-09-14 20:56:12','2021-02-21 14:01:17'),(87,71,72,'Deserunt impedit qui amet dolorum mollitia voluptate. At et dicta voluptas natus optio. Quaerat velit magni qui nam. Dicta ut sapiente esse possimus recusandae.',1,0,'2020-12-10 08:28:44','2021-02-21 14:01:37'),(88,46,15,'Odio omnis odio dolorem maxime perferendis vel pariatur. Molestiae rem quaerat soluta doloribus. Dolores asperiores aut expedita. Praesentium praesentium adipisci aut vel maxime totam id. Minima laborum vel adipisci illum.',0,0,'1994-11-04 08:02:19','2021-02-21 14:01:37'),(89,35,30,'Nihil et deleniti molestiae non ullam omnis. Totam vel ipsa quia provident cumque optio in. Voluptates repudiandae quos vero voluptatum. Voluptatem rem repudiandae quisquam porro blanditiis.',1,0,'2008-09-06 22:43:32','2021-02-21 14:01:37'),(90,43,25,'Temporibus necessitatibus optio repudiandae debitis dolores est. Magnam ut occaecati sed omnis quo accusamus.',0,1,'1987-10-13 15:41:06','2021-02-21 14:01:37'),(91,94,96,'Aut id placeat sapiente commodi architecto earum. Voluptatem qui velit perspiciatis blanditiis. Et facilis deserunt fuga ratione ea accusantium.',0,0,'1987-07-08 17:34:04','2021-02-21 14:01:37'),(92,98,3,'Est est perspiciatis necessitatibus nihil. Quibusdam distinctio qui earum autem. Nihil voluptas et error id velit.',0,1,'1982-11-27 16:55:15','2021-02-21 14:01:37'),(93,20,91,'Quasi sed impedit non dicta fugit ut. Adipisci aliquam in reprehenderit amet dicta aut. Possimus maxime aut adipisci id non voluptates. Optio corporis officia molestiae amet rerum provident sit.',1,1,'1970-01-02 15:40:47','2021-02-21 14:01:37'),(94,93,94,'Vel autem laboriosam possimus nihil. Non assumenda quasi aut eos voluptatibus molestiae. Sequi voluptatem quibusdam optio suscipit ut nihil. Consequatur voluptatem placeat qui perspiciatis excepturi enim voluptas.',0,1,'2018-11-24 01:48:03','2021-02-21 14:01:37'),(95,90,66,'Nam praesentium velit voluptas autem mollitia. Quod et aut nam eius earum non nostrum. Fugit blanditiis qui quia quo dolore et. Sint reiciendis in modi nihil sunt a cupiditate.',0,1,'2019-02-24 09:14:28','2021-02-21 14:01:37'),(96,61,8,'Necessitatibus libero fuga tempora qui quos qui. Ipsa repellat facere dolor alias et in magni. Non architecto consectetur et deserunt totam ipsam illo.',0,1,'1976-03-10 04:16:10','2021-02-21 14:01:17'),(97,53,42,'Earum ut reprehenderit quod alias iure. Repellat aut qui consectetur rerum dolorum voluptatem. Deleniti beatae consequatur ipsa et.',0,1,'1970-10-31 16:34:54','2021-02-21 14:01:17'),(98,49,18,'Est consequatur fuga neque quo commodi. Quibusdam qui fugit omnis. Possimus optio cumque provident.',1,0,'1974-06-29 07:36:00','2021-02-21 14:01:37'),(99,42,57,'Voluptas dolorem accusamus veniam ullam placeat officia aut. Praesentium inventore ullam esse rerum. Quis quisquam qui sit accusamus libero consequatur sit. Autem odio fugit natus repellat sint quibusdam.',1,0,'1988-02-11 08:41:50','2021-02-21 14:01:37'),(100,59,25,'Vel cupiditate est neque quaerat omnis dolores temporibus et. Voluptas cupiditate dignissimos et quisquam nostrum nobis ipsam aut. Dolores et sit tenetur. Consequatur numquam quasi excepturi accusantium.',0,1,'1998-07-31 09:09:00','2021-02-21 14:01:17');
/*!40000 ALTER TABLE `messages` ENABLE KEYS */;
UNLOCK TABLES;

--
-- Table structure for table `posts`
--

DROP TABLE IF EXISTS `posts`;
/*!40101 SET @saved_cs_client     = @@character_set_client */;
/*!50503 SET character_set_client = utf8mb4 */;
CREATE TABLE `posts` (
  `id` int NOT NULL AUTO_INCREMENT COMMENT 'Идентификатор сроки',
  `user_id` int unsigned NOT NULL COMMENT 'Ссылка на пользователя, который написал пост',
  `body` text CHARACTER SET utf8mb4 COLLATE utf8mb4_unicode_ci NOT NULL COMMENT 'Текст сообщения',
  `created_at` datetime DEFAULT CURRENT_TIMESTAMP COMMENT 'Время создания строки',
  `updated_at` datetime DEFAULT CURRENT_TIMESTAMP ON UPDATE CURRENT_TIMESTAMP COMMENT 'Время обновления строки',
  PRIMARY KEY (`id`)
) ENGINE=InnoDB AUTO_INCREMENT=101 DEFAULT CHARSET=utf8mb4 COLLATE=utf8mb4_unicode_ci COMMENT='Посты';
/*!40101 SET character_set_client = @saved_cs_client */;

--
-- Dumping data for table `posts`
--

LOCK TABLES `posts` WRITE;
/*!40000 ALTER TABLE `posts` DISABLE KEYS */;
INSERT INTO `posts` VALUES (1,1,'Dicta eos alias animi ipsa qui amet. Mollitia eaque omnis asperiores nemo et. Dolores voluptatem ad aliquid ut mollitia et voluptas. Quos fugiat quia sapiente esse non.','2009-07-04 14:35:14','2021-02-21 13:54:23'),(2,2,'Unde assumenda incidunt aut hic aperiam. Suscipit autem architecto quis qui. Molestiae aut ut voluptate iusto quisquam ut magni. Pariatur amet earum qui aperiam possimus doloremque est.','2017-03-30 15:00:01','2021-02-21 13:54:23'),(3,3,'Dolores sint et eum dolore. Et sit quo dolorem voluptatum pariatur. Sint vel assumenda quia ipsam nisi laboriosam minus.','1977-06-08 21:58:00','2009-11-25 01:20:22'),(4,4,'Aliquam ut mollitia corrupti maiores. Sit corrupti sapiente ut. Inventore nam et eos ut sequi ut sunt. Eveniet recusandae maxime qui quod ex cupiditate.','2005-02-05 14:27:11','2021-02-21 13:54:23'),(5,5,'Distinctio est sapiente placeat accusantium culpa mollitia voluptatem. Ut officia sint est alias fugit minus et. Fuga sapiente aut inventore reiciendis quia illo et.','1981-10-17 03:50:46','1985-04-30 08:25:25'),(6,6,'Qui ipsam mollitia id ipsum aspernatur sed. Id reiciendis qui dignissimos illum omnis blanditiis. Accusantium ducimus illo non. Ad est quis quasi quia provident provident eveniet.','2002-05-01 22:36:53','2004-08-21 21:27:51'),(7,7,'Similique omnis accusamus at exercitationem quasi earum. Et sit consequatur eos ipsam inventore perspiciatis sed. Repudiandae veniam numquam dolor quibusdam aut nulla.','1978-09-24 14:59:44','1988-09-02 22:19:48'),(8,8,'Natus ut dolorum omnis ut. Est cum est vel. Aut et reprehenderit placeat non aut dignissimos aut omnis.','1997-01-07 08:50:55','2014-06-16 21:42:44'),(9,9,'Labore animi maiores maiores. Omnis aut voluptatum voluptatem veritatis exercitationem nihil. Aut molestias incidunt fuga velit. Harum facilis est ut cupiditate molestiae perferendis dolor.','2018-04-06 06:10:31','2020-12-11 01:28:22'),(10,10,'Perferendis occaecati beatae omnis illo. Deleniti eum aut porro doloribus saepe. Est necessitatibus ipsum cumque eveniet error adipisci sed. Odit unde numquam delectus quisquam molestiae.','1998-07-08 04:28:53','2008-06-11 08:07:03'),(11,11,'Maiores odio ab et harum voluptatem laborum. Est facere non magnam magni qui. Laudantium sit delectus voluptas. Qui enim consequatur nulla maxime quod quam consequatur.','2020-03-31 11:53:34','2021-02-21 13:54:23'),(12,12,'Doloremque quos placeat minima eum. Qui est odio quos et. Et exercitationem optio ut a est aut qui.','1995-02-12 13:56:59','2021-02-21 13:54:23'),(13,13,'Minus quia eos rem eum dolorem. Dicta consequatur quia tempore commodi. Veniam soluta veniam doloremque id ad. Et adipisci modi et.','1994-01-16 15:42:13','1996-06-28 02:09:50'),(14,14,'Mollitia omnis veritatis omnis sed sit atque. Voluptas voluptatem sit dolore rerum iusto aspernatur. Saepe magnam culpa voluptatum excepturi blanditiis eaque.','2003-12-24 00:43:15','2021-02-21 13:54:23'),(15,15,'Enim voluptatibus nam veritatis rerum doloribus nihil expedita. Exercitationem in eaque voluptas architecto. Quae earum quasi atque amet quia numquam. Facere quia iste quis voluptas commodi quia illo.','1989-11-24 00:31:05','2021-02-21 13:54:23'),(16,16,'Sit harum sit nulla dolor autem. Est voluptas quasi non quo nostrum.','2001-02-07 01:26:17','2021-02-21 13:54:23'),(17,17,'Culpa sint sequi vel quod nam. Neque et tempora ex quisquam quod et nulla. Sapiente voluptate provident eum magni magnam omnis. Dolorem vitae quia autem tenetur eos explicabo. Dignissimos eligendi et unde culpa consequuntur.','2007-06-14 04:23:00','2011-11-26 19:00:34'),(18,18,'Tempora ut maiores error quas quaerat provident hic veniam. Deserunt cum hic praesentium ipsa. Similique nulla qui pariatur tempore soluta cum harum non.','1976-02-20 12:48:08','1996-12-04 07:24:04'),(19,19,'Et velit perferendis commodi non eum optio non. Eaque quasi hic esse quibusdam sint. Consequatur harum tenetur rerum enim sed voluptatum. Ut similique consequatur repellendus quam.','1997-08-15 09:00:51','2021-02-21 13:54:23'),(20,20,'Fugiat corrupti dolore cumque omnis sed earum. Magnam qui magnam corrupti qui aperiam eligendi facere sit. Velit aut sed cumque qui quia.','1978-02-13 23:53:31','1991-09-26 01:25:07'),(21,21,'Quia nostrum id impedit perspiciatis dolores sunt. Occaecati quia itaque eius. Distinctio aut sit fugiat magnam voluptate omnis alias. Ex ut ut velit temporibus ratione.','2020-01-31 08:57:36','2021-02-21 13:54:23'),(22,22,'Exercitationem necessitatibus dicta iure architecto maiores natus. Dolorem dolor ut harum facilis ut. Voluptas dignissimos non enim nesciunt nulla omnis repellat. Pariatur adipisci modi dolorem rerum.','1979-06-14 00:49:05','2008-09-14 02:35:10'),(23,23,'Eos omnis ea fuga ea. Ex corporis natus porro et. Vel beatae totam voluptatibus eum sed nemo qui.','1976-02-13 08:21:04','1983-10-21 23:06:08'),(24,24,'Odio dolor unde illo quia neque fuga. Laborum voluptate rem aperiam dicta. Atque eaque odio corrupti unde doloribus ut. Voluptates repellat ullam provident vel.','2018-05-12 06:21:42','2021-02-21 13:54:23'),(25,25,'Molestiae optio ut doloremque nam consequatur doloremque. Ut fugit non autem labore. Occaecati et dignissimos atque commodi ut. Enim magni aliquid ut sit id fuga voluptates.','2002-04-13 14:42:51','2013-12-19 20:42:04'),(26,26,'Placeat asperiores corrupti earum est omnis aperiam dolorem. Aut veniam hic ipsam magni labore est quibusdam laudantium. Occaecati dolores soluta sint error ullam omnis possimus repellendus.','1999-08-20 23:19:11','2019-04-02 15:56:59'),(27,27,'Doloribus est debitis ex incidunt doloremque repellat sit. Sapiente eos nam nihil vel repellat quibusdam. Architecto possimus occaecati id id accusantium similique.','2005-04-19 17:12:37','2019-04-09 20:26:59'),(28,28,'Qui vitae ut nam optio architecto facere facere. Molestiae quasi corporis voluptas quaerat modi officiis debitis est. Illum deleniti voluptatem molestias quis. Iure unde autem eligendi repudiandae rem.','2017-08-14 21:23:24','2021-02-21 13:54:23'),(29,29,'Quasi sapiente dignissimos sapiente blanditiis dolorem culpa. Ea voluptatum non voluptatem doloribus quis mollitia illum. Aut et iure pariatur itaque placeat. Voluptatem corporis dignissimos velit.','1980-12-14 03:03:26','2021-02-21 13:54:23'),(30,30,'Numquam ducimus et optio vel nulla aliquam. Sunt facilis dicta distinctio nam omnis nam.','1998-12-13 04:32:00','2021-02-21 13:54:23'),(31,31,'Dolores vero sed ullam ad minus quam consequatur. Possimus et dolore expedita sint inventore. Est cum libero facilis quis cupiditate aut. Earum ut et ut officiis aut et reprehenderit. Nostrum iste nihil similique.','1973-08-19 14:22:28','2011-03-10 10:08:40'),(32,32,'Aut nemo sit cum voluptatem recusandae error. Iusto nobis odit ratione est officia. Quia quia eaque et exercitationem fuga sit autem quis. Quaerat eos dolorem non rem laborum eos.','2020-08-16 14:52:24','2021-02-21 13:54:23'),(33,33,'Mollitia sed dolore id voluptas. In recusandae minus quasi tenetur nobis rerum ut et. Ad tempore odio ad magnam quam iste.','1979-02-18 02:51:47','1994-08-15 12:08:48'),(34,34,'Corrupti velit quod molestiae ullam est. Eum est aperiam et aut illo dolor alias. Et id pariatur ducimus facilis corrupti fugiat ut. Aut inventore neque tenetur nobis.','1970-02-16 23:14:59','2018-02-02 01:28:09'),(35,35,'Iusto enim placeat non nihil accusamus. Accusantium eaque aliquid saepe nemo quia iste vel. Quasi corporis minus maiores atque excepturi rerum accusamus consectetur. Itaque assumenda libero rem cumque animi qui sed accusantium.','2003-05-13 01:27:14','2021-02-21 13:54:23'),(36,36,'Nulla quia eos facilis illum. Omnis rerum recusandae soluta qui quasi fugit et occaecati.','2017-06-27 02:53:10','2021-02-21 13:54:23'),(37,37,'Cum sequi doloribus sed quibusdam modi ut eum. Pariatur explicabo neque consectetur sit qui possimus.','2014-01-11 00:25:20','2021-02-21 13:54:23'),(38,38,'Perspiciatis praesentium commodi architecto est. Nihil veritatis quibusdam omnis corrupti quo. Sunt delectus repellat facilis voluptatem quas. Aut libero dolore ipsum veritatis maxime.','2011-02-26 14:36:54','2018-10-04 02:09:44'),(39,39,'Sed rerum et repudiandae consequatur ipsum minus dolor dolorum. Eum et fugit quae eum quasi facilis laborum. Et reiciendis corporis enim doloribus voluptas itaque eaque.','1972-07-28 00:32:51','1972-10-04 07:02:57'),(40,40,'Magni expedita fugit neque vel. Sit qui incidunt qui aut veritatis. Similique iste quia qui. Iure amet animi impedit quis ratione dicta sit sit.','2002-12-14 01:19:51','2021-02-21 13:54:23'),(41,41,'Doloribus aut adipisci repudiandae ut ut et aut. Expedita officia ad sed et. Quo itaque corporis vel dolorem veritatis quis voluptatem consectetur. Quos quia sequi veniam dignissimos ut.','1979-05-25 23:22:35','2021-02-21 13:54:23'),(42,42,'Dolor perferendis qui voluptas soluta. Quibusdam ea quia voluptatum commodi dolores dolores quod. Et corrupti possimus explicabo mollitia ipsam.','1988-06-01 11:21:39','2015-07-08 14:39:10'),(43,43,'Exercitationem nisi aut neque corporis officiis. Magni dicta dicta fuga a. Repudiandae a possimus eum quisquam.','1981-02-03 09:07:40','2008-08-18 00:29:06'),(44,44,'Omnis magnam incidunt excepturi libero omnis quis. Tenetur cupiditate delectus et voluptatum quia. Excepturi id aperiam est.','1988-06-18 12:54:41','1993-01-21 17:05:00'),(45,45,'Iure qui numquam ea id reiciendis et. Qui optio omnis cum placeat quidem expedita.','1988-03-03 01:03:50','1993-11-25 22:22:52'),(46,46,'Vel eaque quis voluptas amet atque id perspiciatis. Animi atque laudantium eius iure accusantium quas molestias quis. Dolorem ut commodi provident exercitationem.','2008-08-10 12:22:13','2011-06-19 04:39:22'),(47,47,'A quia enim minus quia ipsum aliquam et est. Maiores placeat non quos. Eaque aut sit eius quod laborum.','1976-07-10 02:37:22','1997-02-15 01:11:33'),(48,48,'Molestias aut incidunt ullam. Et eaque eligendi velit. In quia sunt nihil tempora.','1995-04-29 20:22:36','2021-02-21 13:54:23'),(49,49,'Est sequi beatae architecto quis. Qui hic eveniet fugit et voluptatum quos. Quaerat ut earum ut.','2000-12-02 13:51:32','2021-02-21 13:54:23'),(50,50,'Est asperiores aut et occaecati debitis voluptatem quis. Libero commodi quasi explicabo fuga. Adipisci aut laboriosam molestiae quas.','2016-01-23 21:25:17','2021-02-21 13:54:23'),(51,51,'Sint sint corporis magni similique. Maiores molestias perspiciatis doloribus culpa quae tempore. Quo natus et nostrum natus. Maiores quaerat aliquid et qui iure voluptas vero.','2017-01-02 23:43:57','2021-02-21 13:54:23'),(52,52,'Adipisci natus nesciunt eum id dolorum blanditiis. Beatae ratione error voluptatem et. Quos quia debitis quas deserunt in aut praesentium inventore. Eius ex voluptas voluptatem aperiam a provident qui ea.','2020-12-03 22:13:41','2021-02-21 13:54:23'),(53,53,'Optio pariatur sunt distinctio. Nisi mollitia amet ut sint laborum quam dolor quisquam. Ex rerum mollitia modi incidunt et nulla quibusdam.','1997-05-29 12:44:38','2021-02-21 13:54:23'),(54,54,'Non ut in deleniti quaerat sit in exercitationem. Explicabo illum quasi vel aperiam quas magnam aliquam. Occaecati voluptatibus exercitationem repellat aut cupiditate architecto aut. Architecto deleniti quasi aut. Velit et sit eius tempora aut.','1987-03-07 06:19:05','1997-10-06 19:23:58'),(55,55,'Iure voluptatibus tempore vero odit debitis eius quae. Sed maiores blanditiis ducimus dolores quis dolore. Velit explicabo quae ea laudantium ducimus.','2009-12-23 02:04:46','2021-02-21 13:54:23'),(56,56,'Eos saepe repellendus natus. Provident consectetur est repellendus fugit cupiditate ea aut. Enim suscipit non quam et cum quia perspiciatis. Corporis cumque molestiae numquam vel assumenda.','1996-05-07 21:18:08','2021-02-21 13:54:23'),(57,57,'Sint voluptatibus rerum dolor occaecati ea. Sit consequatur omnis ducimus aut optio saepe vitae optio. Et blanditiis deserunt minus. Eaque numquam non quis.','2020-12-16 07:34:30','2021-02-21 13:54:23'),(58,58,'Illum neque inventore et asperiores voluptatem ipsum ex quis. Expedita fuga sed cumque. Est veniam hic quia doloremque.','1998-09-17 10:12:20','2010-12-23 07:29:52'),(59,59,'Aut quis vel sint. Quis voluptatem beatae adipisci velit. Deserunt reiciendis molestiae ullam veritatis.','1975-07-17 21:46:15','2021-02-21 13:54:23'),(60,60,'Illo deleniti vero modi est ipsum asperiores a. Sequi voluptatum voluptatem tenetur voluptate autem officia eligendi voluptates. Ea harum dicta impedit velit illo autem veritatis. Sint voluptates voluptas reprehenderit ut nisi est fugiat. Reprehenderit labore iste veritatis iusto.','1997-04-05 18:06:02','2021-02-21 13:54:23'),(61,61,'Ipsam rerum quisquam est sapiente est qui. Magni deserunt tempore et repellat enim repellendus est. Numquam pariatur quam enim ipsa esse. Minus aut placeat dolor aspernatur reiciendis reprehenderit velit.','1980-03-30 03:16:09','1994-03-08 02:50:23'),(62,62,'Ipsa itaque sed voluptatem et. Cupiditate consequatur error placeat ab sed. Ad ratione reiciendis ab et deserunt facere nemo esse. Dolores dolorem expedita et quidem recusandae quaerat corrupti.','2009-06-25 15:33:40','2021-02-21 13:54:23'),(63,63,'Aut impedit sed eligendi mollitia unde. Quibusdam est voluptatem saepe. Consectetur nulla a omnis quis illo.','2017-02-18 12:20:24','2021-02-21 13:54:23'),(64,64,'Laboriosam laudantium officia ratione illo nihil debitis eos exercitationem. At eligendi quasi eius molestias. Minus in quisquam et qui enim quia animi et. Repellendus magnam ab fugiat.','1971-04-29 13:56:13','1976-12-26 03:15:58'),(65,65,'Dicta a aliquam beatae consequuntur molestias corrupti. Dolorum maiores officia commodi a beatae et voluptates et. Quod dolorem a quaerat sit cum voluptas quod.','1979-11-04 18:20:57','2021-02-21 13:54:23'),(66,66,'Provident asperiores quis delectus necessitatibus atque rem culpa. Ullam odio qui aut aut quisquam et incidunt possimus.','1973-09-15 03:52:29','1989-01-12 12:53:01'),(67,67,'Hic doloribus est animi voluptatibus. Modi consequatur ut ratione atque qui. Ea cupiditate labore recusandae repellat est et ipsa. Et doloremque non et.','2016-02-27 16:59:22','2021-02-21 13:54:23'),(68,68,'Tempora animi delectus cum voluptatem. Ratione quidem iste ipsam harum id perspiciatis qui. Minima recusandae qui qui eum eveniet ducimus. Consequatur nesciunt sit quo deleniti aliquam hic minus rerum. Nam ut illum repudiandae aut est.','1994-07-28 15:22:29','2021-02-21 13:54:23'),(69,69,'Debitis et modi et aut. Sit ex velit at aut cumque dolor qui nulla.','1989-02-17 22:54:50','2017-12-06 12:29:44'),(70,70,'Sunt corporis consequatur asperiores sequi. Perspiciatis ducimus adipisci ut nulla molestiae eius mollitia.','1972-10-13 06:00:41','1994-03-25 17:17:07'),(71,71,'Sed odit nobis aut velit rerum quaerat qui dolores. Voluptas vel et qui minus doloremque. Enim aperiam vel sed dolorem ex.','1973-08-05 03:41:58','1991-11-14 13:57:16'),(72,72,'Saepe vero ut ipsam. Ipsam laudantium officiis nesciunt libero et distinctio id tenetur. Aut laborum nulla id ea deserunt omnis eligendi. Aut voluptas dolorum necessitatibus quia.','1978-07-27 19:50:39','1982-12-09 14:59:34'),(73,73,'Voluptates saepe alias omnis incidunt itaque consequatur nemo. Qui dolor saepe aperiam. Incidunt minus qui deleniti unde harum exercitationem nihil.','1979-01-16 04:09:31','2020-10-22 19:11:04'),(74,74,'Cum occaecati voluptatum natus nobis molestias recusandae quis. Accusantium aliquam minus nisi quae eaque. Tempore aliquam cumque suscipit eius blanditiis maiores. In quia cumque veritatis id.','1974-11-08 00:21:08','2021-02-21 13:54:23'),(75,75,'Ut sit facilis enim voluptatem saepe sunt. Dignissimos hic quas quis commodi quia vitae.','1973-12-01 13:10:40','1993-03-29 10:02:17'),(76,76,'Quam beatae quas aliquid architecto a ducimus. Sed ea consequatur corrupti itaque nemo nihil. Molestiae omnis dolores quae.','2004-01-28 18:06:08','2004-11-07 11:10:44'),(77,77,'Maiores temporibus est quia quasi animi quae occaecati ea. Consequatur praesentium perspiciatis velit recusandae magnam accusamus. Minima numquam nihil quod nemo minima. Eaque unde exercitationem beatae nobis.','2001-09-30 22:33:23','2012-03-22 05:42:45'),(78,78,'Doloribus hic vitae modi officiis cupiditate incidunt nihil. Non in sint aliquid commodi velit veniam. Harum tempora magni iusto repellendus qui qui mollitia nulla. Nihil nihil ea et numquam voluptate aliquam.','2013-01-20 00:21:07','2021-02-21 13:54:23'),(79,79,'Culpa dolor ex ut ut voluptatum qui laboriosam. Libero ut alias harum quae dolorem veritatis provident. Et nulla et veniam consequatur.','1979-10-23 10:42:12','1990-07-30 21:41:53'),(80,80,'Beatae quia rerum praesentium voluptate illo quis. Enim soluta corporis facilis ea fugiat ut. Dicta eveniet rerum libero mollitia quia inventore. Harum mollitia qui et aperiam architecto ratione consectetur.','1993-06-09 10:53:53','2017-01-14 02:09:35'),(81,81,'Neque nemo a nobis vel cupiditate est suscipit. Autem ut rerum ut vitae non pariatur vero. Iure recusandae laborum officia facere ducimus qui debitis.','2001-07-23 06:07:41','2002-12-10 16:49:56'),(82,82,'Molestiae perferendis numquam nulla sit praesentium. Eum rerum accusantium non saepe quam et molestias. Sint libero delectus ullam et eveniet voluptate.','2005-04-09 15:24:34','2012-09-23 23:39:02'),(83,83,'Ut optio necessitatibus odio accusamus modi ex fugit. Atque delectus voluptatem magnam dolores quis. Sapiente quidem voluptates corrupti iusto. Et non asperiores aut porro et unde.','1989-02-25 01:32:10','2021-02-21 13:54:23'),(84,84,'Veniam eos voluptatibus consectetur ratione ut ratione. Expedita asperiores sed repudiandae minima provident nihil illo. Sed eum veritatis est. Cumque officia doloribus velit pariatur qui molestiae aliquam.','2020-12-19 05:42:15','2021-02-21 13:54:23'),(85,85,'Hic sequi omnis assumenda molestias inventore quis tempora. Officia nemo esse doloribus sunt id accusamus quaerat. Ea qui iure qui aut voluptatem ut. Veniam harum et dolorum enim magnam atque.','1973-11-22 14:04:59','2016-09-12 07:19:09'),(86,86,'Iusto nesciunt sed magni similique qui iure. Autem sunt sit nemo aspernatur aspernatur mollitia dicta. Voluptates pariatur eligendi recusandae.','2002-01-15 02:22:08','2021-02-21 13:54:23'),(87,87,'Quod in aut at voluptatem molestiae. Similique voluptatum est quis nobis. Impedit exercitationem soluta id libero sit quo eum. Dignissimos minima modi qui nulla.','1983-09-26 13:05:37','2021-02-21 13:54:23'),(88,88,'Sint blanditiis cupiditate vitae est dicta vel. Cum eius dolorum sit est. Et distinctio dicta numquam maxime corrupti. Dolore aut est fugit temporibus iste vel tempora. Quaerat molestiae praesentium enim velit assumenda et.','2016-04-30 21:29:13','2021-02-21 13:54:23'),(89,89,'Praesentium odio excepturi repellendus voluptatem optio omnis tenetur. Tempore dicta dolores beatae dicta. Corrupti consequatur illo incidunt reprehenderit. Iure occaecati minima odio ut dolorum corporis corporis.','1972-10-16 17:50:07','2001-05-24 00:14:04'),(90,90,'Et et sit omnis aut sit et. Hic reprehenderit nam molestiae. Earum voluptas qui distinctio excepturi. Quidem voluptatem magnam error ut voluptas unde explicabo.','2020-06-21 06:02:11','2021-02-21 13:54:23'),(91,91,'Aut dolorem nihil eos ipsam. Aspernatur iusto est sapiente voluptatem laudantium. Quis veritatis quis commodi commodi accusantium. Molestiae blanditiis sit ex voluptate iure consequatur.','1978-06-17 15:24:49','1984-01-31 05:45:16'),(92,92,'Nostrum asperiores magnam soluta veniam nihil deleniti rerum. Sapiente rem molestias enim tempore eum nobis excepturi. Impedit eligendi ut voluptatem omnis debitis. Et tempore consequatur nihil deleniti necessitatibus.','2016-07-29 08:17:06','2021-02-21 13:54:23'),(93,93,'Cum laudantium sequi assumenda dolores nemo dolorem. Rerum libero itaque a aut sapiente suscipit ea. Magni deserunt veniam in est quae sed ut. Et molestiae sed vel temporibus tenetur sint reiciendis.','1970-01-27 07:28:34','1987-02-16 06:06:29'),(94,94,'Sit nisi vero at. Rem blanditiis ex est iure. Magnam rerum sequi hic magnam. Quas facere vero voluptas adipisci reprehenderit aliquid est.','1971-02-03 15:14:07','2021-02-21 13:54:23'),(95,95,'Corrupti adipisci quisquam totam quia esse. Autem nobis id voluptatem laudantium. Sapiente non quia id cum quia consequatur asperiores asperiores. Sunt et nihil voluptatum eum ab ratione.','1991-02-20 12:15:46','2021-02-21 13:54:23'),(96,96,'Quia quas est veniam ratione quia dicta. Et sed blanditiis autem perferendis eveniet. Soluta laboriosam voluptates a neque. Tempora consectetur quam velit.','2007-01-07 11:57:00','2021-02-21 13:54:23'),(97,97,'Cum officiis dolores culpa nobis sint sint rerum facilis. Nobis et dolor nesciunt sed. Ut vitae adipisci eaque qui autem vel architecto.','1999-04-06 14:57:32','2021-02-21 13:54:23'),(98,98,'Est sed commodi nulla hic. Sint nihil corrupti inventore maiores deleniti voluptas sit. Repellat magnam excepturi illum consequatur qui. Impedit voluptatem similique perspiciatis sed debitis et.','2018-02-18 05:31:00','2021-02-21 13:54:23'),(99,99,'Velit excepturi consequatur perspiciatis fuga quis necessitatibus. Minus eius consequatur dicta provident architecto. Quae laboriosam enim occaecati repellat et animi veniam et. Consequuntur impedit distinctio maiores delectus fugit blanditiis.','1977-10-03 03:20:30','2019-11-09 17:46:02'),(100,100,'Rerum blanditiis suscipit non possimus dignissimos eos. Enim quia similique aliquid. Ut vel commodi porro iure quasi animi voluptatem. Maxime rerum eius rerum.','2000-09-18 19:42:45','2021-02-21 13:54:23');
/*!40000 ALTER TABLE `posts` ENABLE KEYS */;
UNLOCK TABLES;

--
-- Table structure for table `profiles`
--

DROP TABLE IF EXISTS `profiles`;
/*!40101 SET @saved_cs_client     = @@character_set_client */;
/*!50503 SET character_set_client = utf8mb4 */;
CREATE TABLE `profiles` (
  `user_id` int unsigned NOT NULL COMMENT 'Ссылка на пользователя',
  `gender` char(1) CHARACTER SET utf8mb4 COLLATE utf8mb4_unicode_ci NOT NULL COMMENT 'Пол',
  `birthday` date DEFAULT NULL COMMENT 'Дата рождения',
  `photo` varchar(255) COLLATE utf8mb4_unicode_ci NOT NULL,
  `status_id` int unsigned DEFAULT NULL,
  `city` varchar(130) CHARACTER SET utf8mb4 COLLATE utf8mb4_unicode_ci DEFAULT NULL COMMENT 'Город проживания',
  `country` varchar(130) CHARACTER SET utf8mb4 COLLATE utf8mb4_unicode_ci DEFAULT NULL COMMENT 'Страна проживания',
  `created_at` datetime DEFAULT CURRENT_TIMESTAMP COMMENT 'Время создания строки',
  `updated_at` datetime DEFAULT CURRENT_TIMESTAMP ON UPDATE CURRENT_TIMESTAMP COMMENT 'Время обновления строки',
  PRIMARY KEY (`user_id`)
) ENGINE=InnoDB DEFAULT CHARSET=utf8mb4 COLLATE=utf8mb4_unicode_ci COMMENT='Профили';
/*!40101 SET character_set_client = @saved_cs_client */;

--
-- Dumping data for table `profiles`
--

LOCK TABLES `profiles` WRITE;
/*!40000 ALTER TABLE `profiles` DISABLE KEYS */;
INSERT INTO `profiles` VALUES (1,'f','2003-09-01','https://dropbox.com/vk/photo_id/13',2,'South Kylee','Luxembourg','2015-01-09 10:59:49','2021-02-20 21:07:27'),(2,'f','2009-05-22','https://dropbox.com/vk/photo_id/61',2,'East Matildebury','Czech Republic','2006-08-09 19:10:38','2021-02-20 21:07:27'),(3,'m','2009-11-12','https://dropbox.com/vk/photo_id/67',2,'Orntown','Jordan','2015-06-29 21:55:17','2021-02-20 21:07:27'),(4,'m','1971-04-07','https://dropbox.com/vk/photo_id/51',1,'Port Christelle','Norfolk Island','2017-09-16 01:48:19','2021-02-20 21:07:27'),(5,'f','1979-05-02','https://dropbox.com/vk/photo_id/53',1,'Lake Willis','Antigua and Barbuda','2006-01-05 14:03:35','2021-02-20 21:07:27'),(6,'m','2018-01-17','https://dropbox.com/vk/photo_id/11',2,'Vilmaville','Belarus','1991-10-17 01:33:29','2021-02-20 21:07:27'),(7,'m','1987-08-26','https://dropbox.com/vk/photo_id/95',2,'Carlieberg','Nepal','1980-09-26 10:42:39','2021-02-20 21:07:27'),(8,'m','1970-11-21','https://dropbox.com/vk/photo_id/44',1,'South Jaunitaside','Togo','1971-02-23 05:42:49','2021-02-20 21:07:27'),(9,'f','2014-09-24','https://dropbox.com/vk/photo_id/32',1,'Malikaside','Madagascar','1999-12-04 15:51:52','2021-02-20 21:07:27'),(10,'m','1995-07-30','https://dropbox.com/vk/photo_id/29',2,'New Pinkberg','Grenada','2019-10-22 20:29:37','2021-02-20 21:07:27'),(11,'m','1970-02-11','https://dropbox.com/vk/photo_id/47',1,'New Lauryn','Cook Islands','1981-05-01 16:22:02','2021-02-20 21:07:27'),(12,'m','2019-10-20','https://dropbox.com/vk/photo_id/49',1,'New Orlo','Costa Rica','2012-11-08 23:52:41','2021-02-20 21:07:27'),(13,'f','1999-09-18','https://dropbox.com/vk/photo_id/2',2,'Jasonside','Niue','2016-03-17 19:27:19','2021-02-20 21:07:27'),(14,'f','2020-01-26','https://dropbox.com/vk/photo_id/62',2,'Lake Mackenzieport','Portugal','1991-05-26 23:31:47','2021-02-20 21:07:27'),(15,'m','2017-10-13','https://dropbox.com/vk/photo_id/3',2,'Sengerborough','Georgia','2013-11-23 18:57:21','2021-02-20 21:07:27'),(16,'m','2016-05-01','https://dropbox.com/vk/photo_id/29',1,'New Bennieburgh','Andorra','1989-09-07 09:17:29','2021-02-20 21:07:27'),(17,'f','2000-07-26','https://dropbox.com/vk/photo_id/35',2,'West Clyde','Cayman Islands','2015-02-14 09:02:08','2021-02-20 21:07:27'),(18,'f','2002-10-29','https://dropbox.com/vk/photo_id/88',2,'Lake Jerod','Bhutan','2010-11-26 11:00:48','2021-02-20 21:07:27'),(19,'f','1978-10-06','https://dropbox.com/vk/photo_id/37',1,'Aliborough','Latvia','1989-03-27 03:55:12','2021-02-20 21:07:27'),(20,'m','1995-01-10','https://dropbox.com/vk/photo_id/17',2,'New Augusta','Sweden','1997-02-14 19:31:10','2021-02-20 21:07:27'),(21,'f','2012-11-07','https://dropbox.com/vk/photo_id/76',1,'Brownview','Greenland','2006-07-21 21:15:09','2021-02-20 21:07:27'),(22,'f','2007-01-17','https://dropbox.com/vk/photo_id/28',2,'Parkermouth','Morocco','2020-09-10 18:27:41','2021-02-20 21:07:27'),(23,'m','2010-09-23','https://dropbox.com/vk/photo_id/9',1,'Lake Lourdesport','Bangladesh','1984-02-08 10:21:15','2021-02-20 21:07:27'),(24,'f','1982-11-01','https://dropbox.com/vk/photo_id/63',1,'Lake Raleigh','Saudi Arabia','2006-05-23 11:14:17','2021-02-20 21:07:27'),(25,'m','2013-04-19','https://dropbox.com/vk/photo_id/89',1,'South Aliviashire','Tonga','2005-03-16 03:57:52','2021-02-20 21:07:27'),(26,'m','1972-12-28','https://dropbox.com/vk/photo_id/53',2,'Lake Rey','Guatemala','1981-11-09 08:48:07','2021-02-20 21:07:27'),(27,'f','2001-05-17','https://dropbox.com/vk/photo_id/99',1,'New Imogene','Madagascar','1979-03-05 04:31:20','2021-02-20 21:07:27'),(28,'f','1994-01-23','https://dropbox.com/vk/photo_id/36',2,'West Jessieborough','Syrian Arab Republic','1991-02-12 11:32:59','2021-02-20 21:07:27'),(29,'f','1994-05-05','https://dropbox.com/vk/photo_id/80',1,'Novellaview','Svalbard & Jan Mayen Islands','2013-01-16 16:17:02','2021-02-20 21:07:27'),(30,'m','2007-03-21','https://dropbox.com/vk/photo_id/92',2,'Meredithtown','Brunei Darussalam','1982-08-04 22:19:43','2021-02-20 21:07:27'),(31,'f','2006-10-29','https://dropbox.com/vk/photo_id/20',1,'Lake Aric','Central African Republic','1983-12-06 07:27:39','2021-02-20 21:07:27'),(32,'f','1999-09-01','https://dropbox.com/vk/photo_id/24',1,'Justinaport','British Virgin Islands','2006-10-05 22:29:06','2021-02-20 21:07:27'),(33,'m','1973-05-12','https://dropbox.com/vk/photo_id/60',2,'Ritchietown','Slovakia (Slovak Republic)','1986-05-03 14:50:25','2021-02-20 21:07:27'),(34,'m','1989-03-02','https://dropbox.com/vk/photo_id/25',1,'North Lauriane','Rwanda','2016-10-04 10:33:17','2021-02-20 21:07:27'),(35,'m','2004-01-09','https://dropbox.com/vk/photo_id/46',1,'Port Armani','Northern Mariana Islands','1981-09-22 16:57:28','2021-02-20 21:07:27'),(36,'m','1997-04-28','https://dropbox.com/vk/photo_id/56',2,'East Maxime','Saint Kitts and Nevis','1992-03-16 06:25:01','2021-02-20 21:07:27'),(37,'f','1984-04-26','https://dropbox.com/vk/photo_id/39',2,'Shanieside','Djibouti','2000-11-29 22:11:19','2021-02-20 21:07:27'),(38,'f','1973-03-21','https://dropbox.com/vk/photo_id/27',2,'Runteton','New Zealand','1997-09-14 09:57:10','2021-02-20 21:07:27'),(39,'m','2004-01-11','https://dropbox.com/vk/photo_id/18',1,'Port Hallieberg','Israel','1998-08-31 21:15:11','2021-02-20 21:07:27'),(40,'m','1976-07-06','https://dropbox.com/vk/photo_id/8',1,'Hegmannstad','Guatemala','1987-03-04 22:07:51','2021-02-20 21:07:27'),(41,'f','2017-06-30','https://dropbox.com/vk/photo_id/84',1,'South Lela','Dominica','2000-12-03 04:02:51','2021-02-20 21:07:27'),(42,'f','2000-02-07','https://dropbox.com/vk/photo_id/99',2,'New Anahiton','Kiribati','1999-05-27 21:11:19','2021-02-20 21:07:27'),(43,'f','2009-02-04','https://dropbox.com/vk/photo_id/39',1,'Rogerschester','Saint Helena','1983-12-16 14:39:30','2021-02-20 21:07:27'),(44,'m','1973-03-07','https://dropbox.com/vk/photo_id/1',2,'New Douglasburgh','Marshall Islands','2006-01-19 21:51:35','2021-02-20 21:07:27'),(45,'f','2006-10-23','https://dropbox.com/vk/photo_id/85',1,'Schroederland','Eritrea','2008-07-25 00:50:14','2021-02-20 21:07:27'),(46,'f','1998-03-24','https://dropbox.com/vk/photo_id/22',2,'Ryanland','Cyprus','2018-04-14 00:23:00','2021-02-20 21:07:27'),(47,'m','2020-09-23','https://dropbox.com/vk/photo_id/55',1,'Lednermouth','Togo','2002-09-22 04:35:42','2021-02-20 21:07:27'),(48,'m','2003-04-01','https://dropbox.com/vk/photo_id/9',1,'Lake Kurt','Korea','1995-02-27 21:41:12','2021-02-20 21:07:27'),(49,'f','2014-07-04','https://dropbox.com/vk/photo_id/79',2,'North Samantha','Cyprus','1991-08-11 17:31:56','2021-02-20 21:07:27'),(50,'f','2004-06-29','https://dropbox.com/vk/photo_id/66',1,'West Viva','Ethiopia','1970-03-19 18:18:06','2021-02-20 21:07:27'),(51,'m','1983-10-09','https://dropbox.com/vk/photo_id/92',2,'Lake Gwendolynstad','Montenegro','2008-04-22 18:02:25','2021-02-20 21:07:27'),(52,'f','1994-03-23','https://dropbox.com/vk/photo_id/63',1,'West Monaton','Iraq','2010-03-31 16:15:26','2021-02-20 21:07:27'),(53,'f','1985-10-06','https://dropbox.com/vk/photo_id/39',2,'Rutherfordberg','Bangladesh','1971-12-15 12:46:17','2021-02-20 21:07:27'),(54,'m','1986-10-18','https://dropbox.com/vk/photo_id/4',1,'North Jovan','Senegal','1992-08-09 22:49:28','2021-02-20 21:07:27'),(55,'m','1979-05-26','https://dropbox.com/vk/photo_id/3',2,'East Elseton','Kyrgyz Republic','1991-06-06 09:23:59','2021-02-20 21:07:27'),(56,'f','1976-09-07','https://dropbox.com/vk/photo_id/2',1,'Willton','Sri Lanka','1973-04-12 19:26:19','2021-02-20 21:07:27'),(57,'m','2002-04-13','https://dropbox.com/vk/photo_id/3',2,'Aricside','Peru','2018-07-18 02:53:51','2021-02-20 21:07:27'),(58,'f','2012-10-20','https://dropbox.com/vk/photo_id/5',1,'Marshallfort','Mauritania','2001-01-13 08:19:35','2021-02-20 21:07:27'),(59,'m','2019-01-09','https://dropbox.com/vk/photo_id/19',2,'East Justusmouth','Svalbard & Jan Mayen Islands','2004-12-20 04:41:42','2021-02-20 21:07:27'),(60,'m','1982-07-06','https://dropbox.com/vk/photo_id/77',1,'Kiehntown','Norfolk Island','1999-05-12 10:07:23','2021-02-20 21:07:27'),(61,'f','1973-01-12','https://dropbox.com/vk/photo_id/26',1,'Lake Tessfurt','Sweden','1981-10-02 07:22:39','2021-02-20 21:07:27'),(62,'f','1980-04-10','https://dropbox.com/vk/photo_id/1',2,'Wiegandland','Uruguay','2006-08-08 14:22:16','2021-02-20 21:07:27'),(63,'m','1971-07-13','https://dropbox.com/vk/photo_id/28',1,'Port Princess','Argentina','1970-04-29 09:47:21','2021-02-20 21:07:27'),(64,'m','1998-10-24','https://dropbox.com/vk/photo_id/35',1,'South Onahaven','Holy See (Vatican City State)','1999-10-26 02:36:50','2021-02-20 21:07:27'),(65,'f','1995-02-22','https://dropbox.com/vk/photo_id/89',2,'Myrtismouth','Ecuador','1992-01-18 12:16:35','2021-02-20 21:07:27'),(66,'f','1970-02-01','https://dropbox.com/vk/photo_id/39',2,'West Marco','Nicaragua','1982-10-06 11:01:06','2021-02-20 21:07:27'),(67,'m','2000-03-10','https://dropbox.com/vk/photo_id/27',2,'New Erwinshire','Iceland','2019-10-07 10:07:24','2021-02-20 21:07:27'),(68,'f','1991-05-21','https://dropbox.com/vk/photo_id/19',1,'Lake Guadalupe','Greece','2012-01-30 01:30:24','2021-02-20 21:07:27'),(69,'m','1992-04-26','https://dropbox.com/vk/photo_id/15',2,'Reillystad','Holy See (Vatican City State)','1983-04-05 11:33:27','2021-02-20 21:07:27'),(70,'m','2012-10-05','https://dropbox.com/vk/photo_id/14',2,'South Earnestville','Guyana','1980-02-03 02:12:37','2021-02-20 21:07:27'),(71,'f','1992-03-16','https://dropbox.com/vk/photo_id/28',2,'Wandachester','Benin','1995-11-05 15:51:36','2021-02-20 21:07:27'),(72,'f','2018-02-02','https://dropbox.com/vk/photo_id/96',2,'Lueilwitzbury','Pakistan','1983-09-17 04:27:09','2021-02-20 21:07:27'),(73,'m','1971-01-09','https://dropbox.com/vk/photo_id/94',2,'Wymanshire','Northern Mariana Islands','1989-07-20 19:38:21','2021-02-20 21:07:27'),(74,'m','1985-11-06','https://dropbox.com/vk/photo_id/84',1,'Port Alvis','Hong Kong','1976-10-10 06:39:46','2021-02-20 21:07:27'),(75,'f','2020-03-30','https://dropbox.com/vk/photo_id/36',1,'West Dennis','Solomon Islands','1987-01-27 08:01:30','2021-02-20 21:07:27'),(76,'m','1987-09-28','https://dropbox.com/vk/photo_id/29',1,'Port Neal','Eritrea','1994-06-17 06:19:40','2021-02-20 21:07:27'),(77,'f','2001-03-29','https://dropbox.com/vk/photo_id/34',1,'Port Gordonton','Guinea','2020-02-07 20:28:51','2021-02-20 21:07:27'),(78,'f','1977-04-06','https://dropbox.com/vk/photo_id/82',2,'Lake Layla','Kenya','1988-10-25 02:37:33','2021-02-20 21:07:27'),(79,'f','1999-07-04','https://dropbox.com/vk/photo_id/10',2,'Jeromeland','Micronesia','1984-05-30 07:41:40','2021-02-20 21:07:27'),(80,'m','2016-07-23','https://dropbox.com/vk/photo_id/4',1,'Germanchester','Reunion','1979-11-11 14:44:54','2021-02-20 21:07:27'),(81,'f','1992-04-20','https://dropbox.com/vk/photo_id/88',2,'Port Elveraburgh','Argentina','2012-07-04 08:39:21','2021-02-20 21:07:27'),(82,'m','1970-02-23','https://dropbox.com/vk/photo_id/29',1,'Erniestad','Greece','1998-09-29 07:35:52','2021-02-20 21:07:27'),(83,'f','2001-03-25','https://dropbox.com/vk/photo_id/79',1,'New Antonetteshire','Portugal','2007-06-30 00:20:50','2021-02-20 21:07:27'),(84,'f','1974-03-05','https://dropbox.com/vk/photo_id/6',2,'New Russ','Mauritius','1976-06-24 05:46:41','2021-02-20 21:07:27'),(85,'m','1984-10-30','https://dropbox.com/vk/photo_id/95',1,'Lake Malindaside','Cook Islands','1992-03-11 07:22:38','2021-02-20 21:07:27'),(86,'f','1976-10-28','https://dropbox.com/vk/photo_id/58',2,'East Richmond','Zambia','1976-04-27 20:42:31','2021-02-20 21:07:27'),(87,'f','2010-09-21','https://dropbox.com/vk/photo_id/1',1,'Zboncakmouth','Cayman Islands','2011-09-24 01:42:54','2021-02-20 21:07:27'),(88,'f','1986-01-05','https://dropbox.com/vk/photo_id/31',1,'New Sybleborough','San Marino','1991-08-16 11:18:50','2021-02-20 21:07:27'),(89,'m','1978-10-13','https://dropbox.com/vk/photo_id/52',2,'Ceasarborough','Bouvet Island (Bouvetoya)','2019-03-23 20:25:21','2021-02-20 21:07:27'),(90,'f','2018-05-19','https://dropbox.com/vk/photo_id/65',2,'Bartolettimouth','Uganda','1980-10-24 21:31:39','2021-02-20 21:07:27'),(91,'m','2007-08-24','https://dropbox.com/vk/photo_id/70',2,'Carletonton','Zambia','1985-09-30 10:17:41','2021-02-20 21:07:27'),(92,'m','2008-06-02','https://dropbox.com/vk/photo_id/56',1,'Shaynaland','India','1984-12-15 09:22:52','2021-02-20 21:07:27'),(93,'m','1992-04-20','https://dropbox.com/vk/photo_id/70',1,'Elzafort','Algeria','2016-02-24 17:52:28','2021-02-20 21:07:27'),(94,'f','1982-06-08','https://dropbox.com/vk/photo_id/78',2,'North Deltabury','Mauritania','1985-08-05 08:09:57','2021-02-20 21:07:27'),(95,'m','1979-09-05','https://dropbox.com/vk/photo_id/83',1,'Skilestown','Luxembourg','2006-08-09 04:04:04','2021-02-20 21:07:27'),(96,'m','1973-02-10','https://dropbox.com/vk/photo_id/79',2,'South Danielleland','Guernsey','2020-03-03 02:24:47','2021-02-20 21:07:27'),(97,'f','1992-09-30','https://dropbox.com/vk/photo_id/44',1,'Dollyberg','Timor-Leste','1986-01-04 10:25:00','2021-02-20 21:07:27'),(98,'f','1985-12-15','https://dropbox.com/vk/photo_id/82',1,'New Aletha','Honduras','2001-07-17 19:16:24','2021-02-20 21:07:27'),(99,'m','1980-04-14','https://dropbox.com/vk/photo_id/77',2,'Beiermouth','Guyana','2006-11-28 21:41:46','2021-02-20 21:07:27'),(100,'f','1983-08-19','https://dropbox.com/vk/photo_id/38',2,'West Oletastad','Malaysia','1979-07-13 22:21:39','2021-02-20 21:07:27');
/*!40000 ALTER TABLE `profiles` ENABLE KEYS */;
UNLOCK TABLES;

--
-- Table structure for table `user_statuses`
--

DROP TABLE IF EXISTS `user_statuses`;
/*!40101 SET @saved_cs_client     = @@character_set_client */;
/*!50503 SET character_set_client = utf8mb4 */;
CREATE TABLE `user_statuses` (
  `id` int unsigned NOT NULL AUTO_INCREMENT COMMENT 'Идентификатор строки',
  `name` varchar(100) NOT NULL COMMENT 'Название статуса (уникально)',
  `created_at` datetime NOT NULL DEFAULT CURRENT_TIMESTAMP COMMENT 'Время создания строки',
  `updated_at` datetime DEFAULT CURRENT_TIMESTAMP ON UPDATE CURRENT_TIMESTAMP COMMENT 'Время обновления строки',
  PRIMARY KEY (`id`)
) ENGINE=InnoDB AUTO_INCREMENT=3 DEFAULT CHARSET=utf8mb4 COLLATE=utf8mb4_0900_ai_ci COMMENT='Справочник статусов пользователей';
/*!40101 SET character_set_client = @saved_cs_client */;

--
-- Dumping data for table `user_statuses`
--

LOCK TABLES `user_statuses` WRITE;
/*!40000 ALTER TABLE `user_statuses` DISABLE KEYS */;
INSERT INTO `user_statuses` VALUES (1,'single','2021-02-19 19:24:16','2021-02-19 19:24:16'),(2,'married','2021-02-19 19:24:16','2021-02-19 19:24:16');
/*!40000 ALTER TABLE `user_statuses` ENABLE KEYS */;
UNLOCK TABLES;

--
-- Table structure for table `users`
--

DROP TABLE IF EXISTS `users`;
/*!40101 SET @saved_cs_client     = @@character_set_client */;
/*!50503 SET character_set_client = utf8mb4 */;
CREATE TABLE `users` (
  `id` int NOT NULL AUTO_INCREMENT COMMENT 'Идентификатор строки',
  `first_name` varchar(100) CHARACTER SET utf8mb4 COLLATE utf8mb4_unicode_ci NOT NULL COMMENT 'Имя пользователя',
  `last_name` varchar(100) CHARACTER SET utf8mb4 COLLATE utf8mb4_unicode_ci NOT NULL COMMENT 'Фамилия пользователя',
  `age` int NOT NULL,
  `email` varchar(100) CHARACTER SET utf8mb4 COLLATE utf8mb4_unicode_ci NOT NULL COMMENT 'Почта',
  `phone` varchar(100) CHARACTER SET utf8mb4 COLLATE utf8mb4_unicode_ci NOT NULL COMMENT 'Телефон',
  `created_at` datetime DEFAULT CURRENT_TIMESTAMP COMMENT 'Время создания строки',
  `updated_at` datetime DEFAULT CURRENT_TIMESTAMP ON UPDATE CURRENT_TIMESTAMP COMMENT 'Время обновления строки',
  PRIMARY KEY (`id`),
  UNIQUE KEY `email` (`email`),
  UNIQUE KEY `phone` (`phone`),
  CONSTRAINT `CONSTRAINT_1` CHECK (((`age` > 0) and (`age` < 100) and (`email` <> _utf8mb4'') and (`phone` <> _utf8mb4'')))
) ENGINE=InnoDB AUTO_INCREMENT=101 DEFAULT CHARSET=utf8mb4 COLLATE=utf8mb4_unicode_ci COMMENT='Пользователи';
/*!40101 SET character_set_client = @saved_cs_client */;

--
-- Dumping data for table `users`
--

LOCK TABLES `users` WRITE;
/*!40000 ALTER TABLE `users` DISABLE KEYS */;
INSERT INTO `users` VALUES (1,'Margot','Fahey',75,'darlene.sauer@example.com','1-505-662-1884','1997-08-17 00:00:00','2021-02-21 13:43:21'),(2,'Doris','Rempel',57,'marquise90@example.org','(642)761-7861x41122','2014-06-03 00:00:00','2021-02-21 13:43:21'),(3,'Autumn','Daugherty',43,'koelpin.deondre@example.org','(313)098-1706','1988-09-29 00:00:00','2021-02-21 13:43:21'),(4,'Bria','Hauck',27,'prosacco.everardo@example.com','+16(7)6376849623','2002-09-24 00:00:00','2021-02-21 13:43:21'),(5,'Taylor','Weber',70,'granville13@example.net','525-621-6066','1998-06-22 00:00:00','2021-02-21 13:43:21'),(6,'Hettie','Balistreri',89,'bogan.jovani@example.net','09767788001','2011-01-29 00:00:00','2021-02-21 13:43:21'),(7,'Mozell','Pfeffer',59,'spinka.jazmin@example.net','432.365.6370x086','1990-12-05 00:00:00','2021-02-21 13:43:05'),(8,'Carson','Luettgen',89,'d\'amore.rodolfo@example.org','06121651795','2018-11-06 00:00:00','2021-02-21 13:43:21'),(9,'Alaina','Conroy',90,'marcelina.roberts@example.com','(558)278-1256','1984-11-30 00:00:00','2021-02-21 13:43:21'),(10,'Johnson','Stokes',85,'agustin15@example.com','(448)739-2029x1231','2000-05-25 00:00:00','2021-02-21 13:43:21'),(11,'Lizzie','Howell',60,'ritchie.ludie@example.org','1-704-843-7464x944','1996-09-01 00:00:00','2021-02-21 13:43:21'),(12,'Kennith','DuBuque',28,'ankunding.jaunita@example.net','+70(2)5204937110','1984-04-11 00:00:00','2021-02-21 13:43:21'),(13,'Kaitlyn','Goyette',19,'cole.karelle@example.org','1-086-082-8700x70067','2002-02-23 00:00:00','2021-02-21 13:43:21'),(14,'Marilou','Larson',77,'helena22@example.com','596.339.4588x8862','1971-06-04 00:00:00','2021-02-21 13:43:21'),(15,'Alene','Gorczany',67,'winnifred.murray@example.net','07235367841','2020-07-01 00:00:00','2021-02-21 13:43:21'),(16,'Tina','Abshire',89,'btorphy@example.org','986.736.7088x86670','2014-12-03 00:00:00','2021-02-21 13:43:21'),(17,'Sylvia','Langosh',64,'jarvis.pfeffer@example.net','162-079-2180','1994-07-22 00:00:00','2021-02-21 13:43:21'),(18,'Zaria','Kshlerin',38,'dino93@example.net','535.623.6591','1970-04-30 00:00:00','2021-02-21 13:43:21'),(19,'Heath','Morar',59,'asimonis@example.com','(232)585-6680x632','1986-02-15 00:00:00','2021-02-21 13:43:21'),(20,'Mckenzie','Baumbach',84,'eledner@example.com','(053)288-3679','1994-12-17 00:00:00','2021-02-21 13:43:21'),(21,'Rickey','Carter',64,'morar.bernhard@example.net','(116)745-7602x4788','2000-10-24 00:00:00','2021-02-21 13:43:05'),(22,'Berenice','Kunde',51,'jarrod15@example.com','(174)886-4620','1972-03-28 00:00:00','2021-02-21 13:43:21'),(23,'Carlos','Berge',47,'farrell.garland@example.net','080.463.5793x721','2006-01-17 00:00:00','2021-02-21 13:43:21'),(24,'Conrad','Gleichner',64,'benton95@example.net','101-693-7764','2011-09-01 00:00:00','2021-02-21 13:43:21'),(25,'Aleen','Franecki',82,'taylor.ward@example.net','(127)007-5996','2016-06-15 00:00:00','2021-02-21 13:43:21'),(26,'Jeffery','Blanda',41,'dallas.tromp@example.com','327-014-4326x91326','1991-05-22 00:00:00','2021-02-21 13:43:21'),(27,'Amparo','Gulgowski',21,'kenneth.torp@example.com','1-951-415-3612x5269','1983-02-11 00:00:00','2021-02-21 13:43:21'),(28,'Maritza','Kulas',45,'heidenreich.rudy@example.org','06849587004','2004-06-20 00:00:00','2021-02-21 13:43:21'),(29,'Kiley','Block',64,'crist.leonardo@example.org','1-969-798-0360x8553','2013-09-14 00:00:00','2021-02-21 13:43:21'),(30,'Kaycee','Mayert',88,'bsenger@example.com','(214)994-7546','2014-01-18 00:00:00','2021-02-21 13:43:21'),(31,'Jean','Deckow',71,'o\'connell.kristin@example.org','615-716-9874x69720','1984-08-09 00:00:00','2021-02-21 13:43:21'),(32,'Evie','Auer',72,'noemy10@example.com','983-832-6043x104','1972-05-16 00:00:00','2021-02-21 13:43:21'),(33,'Lorenzo','Dach',52,'o\'conner.brandi@example.net','1-015-678-5548x4577','2007-03-13 00:00:00','2021-02-21 13:43:21'),(34,'Sid','Botsford',26,'kertzmann.issac@example.com','874.596.0738x2917','1978-10-19 00:00:00','2021-02-21 13:43:21'),(35,'Burley','Daugherty',36,'eebert@example.org','(599)410-8173x679','2006-04-03 00:00:00','2021-02-21 13:43:21'),(36,'Antone','Simonis',83,'dooley.arielle@example.org','521-184-0475x77204','2007-08-03 00:00:00','2021-02-21 13:43:21'),(37,'Sherwood','Nicolas',48,'magnolia.hills@example.net','1-588-738-9776x685','2020-05-21 00:00:00','2021-02-21 13:43:21'),(38,'Jed','Harvey',57,'mreilly@example.com','518-353-5115x297','1999-09-13 00:00:00','2021-02-21 13:43:21'),(39,'Jerad','Bode',42,'donavon.hilpert@example.com','09415908717','1997-10-02 00:00:00','2021-02-21 13:43:21'),(40,'Cody','Lynch',23,'rlang@example.net','411.275.4941x577','1981-11-15 00:00:00','2021-02-21 13:43:21'),(41,'Pascale','Lehner',52,'tito.nitzsche@example.com','105-490-0407','1990-04-12 00:00:00','2021-02-21 13:43:21'),(42,'Andrew','Hyatt',90,'tracey.hagenes@example.com','900-410-7259','2006-09-15 00:00:00','2021-02-21 13:43:21'),(43,'Phoebe','Spinka',40,'archibald04@example.org','436.492.4071x4584','1993-05-06 00:00:00','2021-02-21 13:43:21'),(44,'Tara','Rice',71,'kyle11@example.org','1-246-026-1938','1989-09-03 00:00:00','2021-02-21 13:43:21'),(45,'Assunta','Feeney',59,'viviane.white@example.org','+27(3)3092074928','2008-05-06 00:00:00','2021-02-21 13:43:21'),(46,'Callie','Lehner',64,'opurdy@example.net','1-993-005-7096','1979-12-12 00:00:00','2021-02-21 13:43:21'),(47,'Thad','Gerlach',47,'hayes.eulalia@example.org','852-262-3124x6894','1998-09-01 00:00:00','2021-02-21 13:43:21'),(48,'Josefa','Pagac',25,'kaia.hickle@example.net','610-658-0346x94983','2014-10-31 00:00:00','2021-02-21 13:43:21'),(49,'Luis','Monahan',45,'erling84@example.com','(678)224-7013','1974-03-22 00:00:00','2021-02-21 13:43:21'),(50,'Emil','Kautzer',54,'genoveva11@example.com','+44(8)7811175821','2017-04-23 00:00:00','2021-02-21 13:43:21'),(51,'Marcella','Carroll',37,'pabernathy@example.net','241-193-3010x8055','1991-03-26 00:00:00','2021-02-21 13:43:21'),(52,'Rosie','Hessel',85,'zetta31@example.net','184.291.6259x371','2006-03-21 00:00:00','2021-02-21 13:43:21'),(53,'Delilah','Zulauf',58,'igrant@example.net','07034911056','2013-06-16 00:00:00','2021-02-21 13:43:21'),(54,'Shana','Schowalter',97,'towne.gwen@example.com','326-781-1565','2008-11-16 00:00:00','2021-02-21 13:43:21'),(55,'Margarette','Harris',54,'freida.braun@example.org','133-416-9176','2015-07-11 00:00:00','2021-02-21 13:43:21'),(56,'Eino','Maggio',40,'verda11@example.net','995-706-2879','2011-02-13 00:00:00','2021-02-21 13:43:21'),(57,'Gregory','Towne',20,'xjast@example.com','045-833-1850x39189','1981-01-02 00:00:00','2021-02-21 13:43:21'),(58,'Marcel','Gaylord',42,'lyric35@example.com','+85(5)6795902576','1988-01-31 00:00:00','2021-02-21 13:43:21'),(59,'Marta','Lindgren',53,'lacy55@example.com','315.094.6512','1973-06-03 00:00:00','2021-02-21 13:43:21'),(60,'Emely','Mitchell',43,'tobin.mante@example.org','1-895-490-0530','2012-05-28 00:00:00','2021-02-21 13:43:05'),(61,'Kamille','Wilkinson',37,'lilyan.batz@example.net','+35(0)2147819347','2002-10-06 00:00:00','2021-02-21 13:43:21'),(62,'Sigurd','Robel',41,'king.sylvia@example.net','05293983471','1981-01-23 00:00:00','2021-02-21 13:43:21'),(63,'Rowena','Hickle',73,'rowe.elnora@example.com','463-048-6073x614','1989-08-04 00:00:00','2021-02-21 13:43:21'),(64,'Deron','Bartell',68,'monahan.wilhelmine@example.net','(707)309-5745x0764','2000-02-18 00:00:00','2021-02-21 13:43:21'),(65,'Laury','Stamm',21,'effertz.brook@example.org','(654)517-5308','1975-05-25 00:00:00','2021-02-21 13:43:05'),(66,'Ezra','Donnelly',44,'cary.marvin@example.net','460.239.9308x23990','2013-04-24 00:00:00','2021-02-21 13:43:21'),(67,'Ethel','Pacocha',58,'tristin18@example.com','867-216-1264x7118','2012-09-04 00:00:00','2021-02-21 13:43:21'),(68,'Evalyn','Little',62,'hhoppe@example.net','+51(0)2345801760','1997-03-16 00:00:00','2021-02-21 13:43:21'),(69,'Kiarra','Hayes',38,'nader.lindsey@example.org','056.146.1197x35225','1980-07-22 00:00:00','2021-02-21 13:43:21'),(70,'Justus','Raynor',68,'blanche.koelpin@example.com','696-391-7007','1986-12-25 00:00:00','2021-02-21 13:43:21'),(71,'Ramiro','Koss',47,'spinka.breanna@example.com','329.984.5334x48515','1998-08-26 00:00:00','2021-02-21 13:43:21'),(72,'Janiya','Bednar',93,'reanna24@example.org','1-943-763-4649x38951','2015-07-09 00:00:00','2021-02-21 13:43:21'),(73,'Dylan','Runolfsdottir',66,'ora.schinner@example.net','247.052.8039','1973-09-03 00:00:00','2021-02-21 13:43:21'),(74,'Savannah','Ullrich',35,'orion.eichmann@example.org','03232311831','2004-02-13 00:00:00','2021-02-21 13:43:21'),(75,'Maryse','Kovacek',41,'noemie.beahan@example.net','09443706717','2017-10-26 00:00:00','2021-02-21 13:43:21'),(76,'Marianna','Wiza',82,'grimes.malcolm@example.com','707.030.8491x026','1979-01-31 00:00:00','2021-02-21 13:43:21'),(77,'Delbert','Raynor',28,'wilford.wiza@example.net','1-061-070-6449x2036','2017-09-14 00:00:00','2021-02-21 13:43:21'),(78,'Dovie','Lang',35,'adams.lukas@example.org','(441)732-7632','1995-05-19 00:00:00','2021-02-21 13:43:21'),(79,'Margaret','Barrows',75,'magdalena15@example.org','1-944-500-5027x45012','1996-12-10 00:00:00','2021-02-21 13:43:21'),(80,'Xavier','Jacobson',92,'jayme62@example.com','(942)808-9915x0580','2019-08-22 00:00:00','2021-02-21 13:43:21'),(81,'Levi','Durgan',58,'xbode@example.org','665.540.1391','2006-09-20 00:00:00','2021-02-21 13:43:21'),(82,'Malachi','Ruecker',75,'clovis.reilly@example.com','1-833-986-4224','1971-09-11 00:00:00','2021-02-21 13:43:21'),(83,'Violette','Mante',26,'dangelo89@example.net','+77(5)3911863756','1999-08-09 00:00:00','2021-02-21 13:43:21'),(84,'Gianni','Lemke',44,'garett41@example.net','(059)419-6121','1971-08-24 00:00:00','2021-02-21 13:43:21'),(85,'Warren','Boyle',48,'greenfelder.leonard@example.net','544-013-7032x4412','1971-06-09 00:00:00','2021-02-21 13:43:21'),(86,'Adella','Reynolds',90,'csawayn@example.net','593-236-0581x27418','2018-07-05 00:00:00','2021-02-21 13:43:21'),(87,'Hal','Grant',48,'casper.haskell@example.net','913.179.1985x01570','2020-08-19 00:00:00','2021-02-21 13:43:21'),(88,'Valentine','Gleason',32,'xgreenfelder@example.net','755-310-8217x18903','1999-11-02 00:00:00','2021-02-21 13:43:21'),(89,'Roslyn','Pagac',77,'domenico.jaskolski@example.com','412-343-8151x30810','2020-05-28 00:00:00','2021-02-21 13:43:21'),(90,'Kaci','Beatty',32,'terry.daniela@example.net','762.775.8445','1985-08-17 00:00:00','2021-02-21 13:43:21'),(91,'Christopher','Kub',72,'terry.douglas@example.org','990-694-9010x52955','1989-04-07 00:00:00','2021-02-21 13:43:21'),(92,'Claudia','Moore',85,'marlene.roberts@example.org','542.974.7026x4333','1980-11-20 00:00:00','2021-02-21 13:43:21'),(93,'Reece','Rolfson',32,'vbeier@example.com','971-796-3459x612','2019-06-28 00:00:00','2021-02-21 13:43:21'),(94,'Sydni','Cartwright',49,'dayton23@example.com','1-984-508-9592','1976-10-02 00:00:00','2021-02-21 13:43:21'),(95,'Jerel','Kassulke',53,'maria.kozey@example.net','848.688.1611','1982-03-07 00:00:00','2021-02-21 13:43:21'),(96,'Elisa','Klein',97,'ublick@example.org','1-592-594-2273x18508','2018-03-28 00:00:00','2021-02-21 13:43:21'),(97,'Danny','Dietrich',70,'vaughn87@example.com','997-066-0080','2008-07-04 00:00:00','2021-02-21 13:43:21'),(98,'Jay','Roberts',41,'bridget64@example.com','1-814-990-1308','1974-06-14 00:00:00','2021-02-21 13:43:21'),(99,'Price','Auer',57,'zframi@example.net','384-416-4487x11484','1979-02-17 00:00:00','2021-02-21 13:43:21'),(100,'Ashly','Watsica',65,'olittel@example.net','1-437-201-3632x66867','2005-02-13 00:00:00','2021-02-21 13:43:21');
/*!40000 ALTER TABLE `users` ENABLE KEYS */;
UNLOCK TABLES;
/*!40103 SET TIME_ZONE=@OLD_TIME_ZONE */;

/*!40101 SET SQL_MODE=@OLD_SQL_MODE */;
/*!40014 SET FOREIGN_KEY_CHECKS=@OLD_FOREIGN_KEY_CHECKS */;
/*!40014 SET UNIQUE_CHECKS=@OLD_UNIQUE_CHECKS */;
/*!40101 SET CHARACTER_SET_CLIENT=@OLD_CHARACTER_SET_CLIENT */;
/*!40101 SET CHARACTER_SET_RESULTS=@OLD_CHARACTER_SET_RESULTS */;
/*!40101 SET COLLATION_CONNECTION=@OLD_COLLATION_CONNECTION */;
/*!40111 SET SQL_NOTES=@OLD_SQL_NOTES */;

-- Dump completed on 2021-02-21 14:13:17
